Source,Target,Type,Id,Label,timeset,Weight
1,0,Undirected,0,,,2.5
3,2,Undirected,1,,,0.25
4,2,Undirected,2,,,0.25
4,3,Undirected,3,,,0.25
5,2,Undirected,4,,,0.25
5,3,Undirected,5,,,0.25
5,4,Undirected,6,,,0.25
6,2,Undirected,7,,,0.25
6,3,Undirected,8,,,0.25
6,4,Undirected,9,,,0.25
6,5,Undirected,10,,,0.25
8,7,Undirected,11,,,1
9,7,Undirected,12,,,3.16667
10,7,Undirected,13,,,1.16667
10,9,Undirected,14,,,1.16667
11,7,Undirected,15,,,0.666667
11,10,Undirected,16,,,0.666667
11,9,Undirected,17,,,0.666667
13,12,Undirected,18,,,0.333333
14,12,Undirected,19,,,0.333333
14,13,Undirected,20,,,0.333333
15,12,Undirected,21,,,0.333333
15,13,Undirected,22,,,0.333333
15,14,Undirected,23,,,0.333333
17,16,Undirected,24,,,0.5
18,16,Undirected,25,,,0.5
18,17,Undirected,26,,,0.5
21,20,Undirected,27,,,0.5
22,20,Undirected,28,,,0.5
22,21,Undirected,29,,,0.5
24,23,Undirected,30,,,0.5
25,23,Undirected,31,,,0.5
25,24,Undirected,32,,,2.33333
28,27,Undirected,33,,,0.5
29,27,Undirected,34,,,0.5
29,28,Undirected,35,,,0.5
31,30,Undirected,36,,,0.5
32,30,Undirected,37,,,0.5
32,31,Undirected,38,,,0.5
33,30,Undirected,39,,,3.58333
34,30,Undirected,40,,,1.58333
34,33,Undirected,41,,,4.225
36,35,Undirected,42,,,0.2
37,35,Undirected,43,,,0.2
37,36,Undirected,44,,,0.2
38,35,Undirected,45,,,0.2
38,36,Undirected,46,,,0.2
38,37,Undirected,47,,,0.2
39,35,Undirected,48,,,0.2
39,36,Undirected,49,,,0.2
39,37,Undirected,50,,,0.2
39,38,Undirected,51,,,0.2
40,35,Undirected,52,,,0.2
40,36,Undirected,53,,,0.2
40,37,Undirected,54,,,0.2
40,38,Undirected,55,,,0.2
40,39,Undirected,56,,,0.2
43,42,Undirected,57,,,1
45,44,Undirected,58,,,0.5
46,44,Undirected,59,,,0.5
46,45,Undirected,60,,,0.5
48,47,Undirected,61,,,0.333333
49,47,Undirected,62,,,0.333333
49,48,Undirected,63,,,0.333333
50,47,Undirected,64,,,0.333333
50,48,Undirected,65,,,0.333333
50,49,Undirected,66,,,0.333333
51,33,Undirected,67,,,0.75
52,51,Undirected,68,,,0.25
52,33,Undirected,69,,,0.25
53,51,Undirected,70,,,0.25
53,52,Undirected,71,,,0.25
53,33,Undirected,72,,,1.85833
53,34,Undirected,73,,,0.775
54,51,Undirected,74,,,0.25
54,52,Undirected,75,,,0.25
54,53,Undirected,76,,,0.625
54,33,Undirected,77,,,2.99167
54,34,Undirected,78,,,1.15833
54,30,Undirected,79,,,0.25
55,51,Undirected,80,,,0.5
56,51,Undirected,81,,,0.5
56,55,Undirected,82,,,3.83333
57,51,Undirected,83,,,1
58,51,Undirected,84,,,1
58,57,Undirected,85,,,1
60,59,Undirected,86,,,0.5
61,59,Undirected,87,,,0.5
61,60,Undirected,88,,,0.5
63,62,Undirected,89,,,0.47619
64,62,Undirected,90,,,0.333333
64,63,Undirected,91,,,0.333333
65,62,Undirected,92,,,0.333333
65,63,Undirected,93,,,0.333333
65,64,Undirected,94,,,0.333333
67,66,Undirected,95,,,0.5
68,66,Undirected,96,,,0.5
68,67,Undirected,97,,,0.5
70,69,Undirected,98,,,0.833333
71,69,Undirected,99,,,2.16667
71,70,Undirected,100,,,0.833333
72,69,Undirected,101,,,0.916667
72,70,Undirected,102,,,0.333333
72,71,Undirected,103,,,0.666667
74,73,Undirected,104,,,0.333333
75,73,Undirected,105,,,0.333333
75,74,Undirected,106,,,0.333333
76,73,Undirected,107,,,0.333333
76,74,Undirected,108,,,0.333333
76,75,Undirected,109,,,0.333333
78,77,Undirected,110,,,0.333333
78,46,Undirected,111,,,1
79,77,Undirected,112,,,0.333333
79,78,Undirected,113,,,0.333333
80,77,Undirected,114,,,0.333333
80,78,Undirected,115,,,0.333333
80,79,Undirected,116,,,0.333333
82,81,Undirected,117,,,0.5
83,81,Undirected,118,,,0.5
83,82,Undirected,119,,,0.5
85,84,Undirected,120,,,0.5
86,84,Undirected,121,,,0.5
86,85,Undirected,122,,,0.5
88,87,Undirected,123,,,2.5
90,55,Undirected,124,,,1
92,91,Undirected,125,,,0.5
93,91,Undirected,126,,,0.5
93,92,Undirected,127,,,0.5
95,94,Undirected,128,,,0.5
96,94,Undirected,129,,,2.66667
96,95,Undirected,130,,,0.5
97,94,Undirected,131,,,2.33333
97,95,Undirected,132,,,0.5
97,96,Undirected,133,,,2.33333
97,69,Undirected,134,,,1.83333
98,94,Undirected,135,,,0.5
98,95,Undirected,136,,,0.5
98,96,Undirected,137,,,0.5
98,97,Undirected,138,,,0.5
99,94,Undirected,139,,,0.5
99,96,Undirected,140,,,0.5
99,97,Undirected,141,,,0.5
100,94,Undirected,142,,,0.25
100,99,Undirected,143,,,1.25
100,96,Undirected,144,,,0.25
100,97,Undirected,145,,,0.25
103,102,Undirected,146,,,0.5
104,102,Undirected,147,,,0.5
104,103,Undirected,148,,,0.5
106,105,Undirected,149,,,0.5
107,105,Undirected,150,,,0.5
107,106,Undirected,151,,,0.5
109,108,Undirected,152,,,1
112,111,Undirected,153,,,1
114,113,Undirected,154,,,1
117,116,Undirected,155,,,1
119,118,Undirected,156,,,1
121,120,Undirected,157,,,1
121,78,Undirected,158,,,1
123,122,Undirected,159,,,0.5
124,122,Undirected,160,,,0.5
124,123,Undirected,161,,,0.5
127,126,Undirected,162,,,0.7
128,126,Undirected,163,,,0.5
128,127,Undirected,164,,,0.75
130,129,Undirected,165,,,1
131,33,Undirected,166,,,1.33333
131,30,Undirected,167,,,0.333333
131,34,Undirected,168,,,0.333333
132,33,Undirected,169,,,2.275
132,34,Undirected,170,,,0.525
132,53,Undirected,171,,,1.025
132,54,Undirected,172,,,0.375
133,33,Undirected,173,,,1.025
133,34,Undirected,174,,,1.025
133,132,Undirected,175,,,0.525
133,53,Undirected,176,,,0.525
133,54,Undirected,177,,,0.125
134,33,Undirected,178,,,0.525
134,34,Undirected,179,,,0.525
134,132,Undirected,180,,,0.525
134,133,Undirected,181,,,0.525
134,53,Undirected,182,,,0.525
134,54,Undirected,183,,,0.125
136,135,Undirected,184,,,1
138,137,Undirected,185,,,1
140,139,Undirected,186,,,0.111111
141,139,Undirected,187,,,0.111111
141,140,Undirected,188,,,0.111111
142,139,Undirected,189,,,0.111111
142,140,Undirected,190,,,0.111111
142,141,Undirected,191,,,0.111111
143,139,Undirected,192,,,0.111111
143,140,Undirected,193,,,0.111111
143,141,Undirected,194,,,0.111111
143,142,Undirected,195,,,0.111111
144,139,Undirected,196,,,0.111111
144,140,Undirected,197,,,0.111111
144,141,Undirected,198,,,0.111111
144,142,Undirected,199,,,0.111111
144,143,Undirected,200,,,0.111111
145,139,Undirected,201,,,0.111111
145,140,Undirected,202,,,0.111111
145,141,Undirected,203,,,0.111111
145,142,Undirected,204,,,0.111111
145,143,Undirected,205,,,0.111111
145,144,Undirected,206,,,0.111111
146,139,Undirected,207,,,0.111111
146,140,Undirected,208,,,0.111111
146,141,Undirected,209,,,0.111111
146,142,Undirected,210,,,0.111111
146,143,Undirected,211,,,0.111111
146,144,Undirected,212,,,0.111111
146,145,Undirected,213,,,0.111111
147,139,Undirected,214,,,0.111111
147,140,Undirected,215,,,0.111111
147,141,Undirected,216,,,0.111111
147,142,Undirected,217,,,0.111111
147,143,Undirected,218,,,0.111111
147,144,Undirected,219,,,0.111111
147,145,Undirected,220,,,0.111111
147,146,Undirected,221,,,0.111111
148,139,Undirected,222,,,0.111111
148,140,Undirected,223,,,0.111111
148,141,Undirected,224,,,0.111111
148,142,Undirected,225,,,0.111111
148,143,Undirected,226,,,0.111111
148,144,Undirected,227,,,0.111111
148,145,Undirected,228,,,0.111111
148,146,Undirected,229,,,0.111111
148,147,Undirected,230,,,0.111111
149,71,Undirected,231,,,1.16667
150,149,Undirected,232,,,0.666667
150,71,Undirected,233,,,0.666667
150,96,Undirected,234,,,0.833333
150,94,Undirected,235,,,0.333333
151,149,Undirected,236,,,1.16667
151,71,Undirected,237,,,1.16667
151,150,Undirected,238,,,4.75
151,127,Undirected,239,,,0.333333
152,149,Undirected,240,,,1
154,153,Undirected,241,,,1.33333
155,153,Undirected,242,,,0.333333
155,154,Undirected,243,,,0.333333
156,153,Undirected,244,,,0.333333
156,154,Undirected,245,,,0.333333
156,155,Undirected,246,,,0.333333
157,71,Undirected,247,,,0.5
158,71,Undirected,248,,,0.5
158,157,Undirected,249,,,0.5
161,160,Undirected,250,,,1
163,162,Undirected,251,,,1
165,164,Undirected,252,,,1
167,166,Undirected,253,,,1
170,169,Undirected,254,,,0.5
171,169,Undirected,255,,,0.5
171,170,Undirected,256,,,0.5
173,172,Undirected,257,,,0.5
174,172,Undirected,258,,,1.5
174,173,Undirected,259,,,0.5
176,175,Undirected,260,,,0.5
177,175,Undirected,261,,,0.5
177,176,Undirected,262,,,0.5
180,179,Undirected,263,,,1
181,179,Undirected,264,,,1
181,180,Undirected,265,,,1
183,182,Undirected,266,,,1
184,55,Undirected,267,,,0.5
184,56,Undirected,268,,,0.5
185,184,Undirected,269,,,0.5
186,184,Undirected,270,,,0.5
186,185,Undirected,271,,,0.5
188,187,Undirected,272,,,1.5
189,187,Undirected,273,,,0.5
189,188,Undirected,274,,,0.5
190,33,Undirected,275,,,0.583333
191,46,Undirected,276,,,0.833333
192,191,Undirected,277,,,0.333333
192,46,Undirected,278,,,0.333333
193,191,Undirected,279,,,0.333333
193,192,Undirected,280,,,0.333333
193,46,Undirected,281,,,0.333333
194,191,Undirected,282,,,0.5
194,46,Undirected,283,,,0.5
196,195,Undirected,284,,,1.25
197,195,Undirected,285,,,0.25
197,196,Undirected,286,,,0.25
198,195,Undirected,287,,,0.25
198,196,Undirected,288,,,0.25
198,197,Undirected,289,,,0.25
199,195,Undirected,290,,,0.25
199,196,Undirected,291,,,0.25
199,197,Undirected,292,,,0.25
199,198,Undirected,293,,,0.25
201,200,Undirected,294,,,0.5
201,24,Undirected,295,,,0.333333
201,25,Undirected,296,,,0.333333
202,200,Undirected,297,,,0.5
202,201,Undirected,298,,,0.833333
202,24,Undirected,299,,,0.333333
202,25,Undirected,300,,,0.333333
203,131,Undirected,301,,,1
206,205,Undirected,302,,,1
208,207,Undirected,303,,,0.5
209,207,Undirected,304,,,0.5
209,208,Undirected,305,,,0.5
211,210,Undirected,306,,,0.5
212,210,Undirected,307,,,0.5
212,211,Undirected,308,,,0.5
214,213,Undirected,309,,,0.5
215,213,Undirected,310,,,0.5
215,214,Undirected,311,,,0.5
216,48,Undirected,312,,,0.333333
216,136,Undirected,313,,,0.5
217,216,Undirected,314,,,1.08333
217,48,Undirected,315,,,0.333333
218,216,Undirected,316,,,1.66667
218,217,Undirected,317,,,1.08333
218,48,Undirected,318,,,0.333333
219,216,Undirected,319,,,0.5
219,218,Undirected,320,,,0.25
220,216,Undirected,321,,,1.5
220,219,Undirected,322,,,0.5
220,218,Undirected,323,,,0.25
221,216,Undirected,324,,,0.25
221,219,Undirected,325,,,0.583333
221,220,Undirected,326,,,0.25
222,216,Undirected,327,,,0.25
222,219,Undirected,328,,,1.75
222,220,Undirected,329,,,0.25
222,221,Undirected,330,,,0.25
223,216,Undirected,331,,,0.5
223,136,Undirected,332,,,0.5
224,216,Undirected,333,,,0.583333
224,220,Undirected,334,,,0.25
224,219,Undirected,335,,,0.25
224,218,Undirected,336,,,0.583333
225,150,Undirected,337,,,2.08333
225,96,Undirected,338,,,0.333333
225,94,Undirected,339,,,0.333333
225,151,Undirected,340,,,0.75
227,226,Undirected,341,,,1
229,228,Undirected,342,,,1.33333
230,228,Undirected,343,,,0.333333
230,229,Undirected,344,,,0.333333
231,228,Undirected,345,,,0.333333
231,229,Undirected,346,,,0.333333
231,230,Undirected,347,,,0.333333
234,233,Undirected,348,,,0.5
235,233,Undirected,349,,,0.5
235,234,Undirected,350,,,0.5
235,72,Undirected,351,,,1
238,237,Undirected,352,,,1
240,239,Undirected,353,,,1
241,239,Undirected,354,,,1
243,242,Undirected,355,,,1
245,244,Undirected,356,,,3.5
246,244,Undirected,357,,,1
247,244,Undirected,358,,,1
249,248,Undirected,359,,,0.5
250,248,Undirected,360,,,0.5
250,249,Undirected,361,,,0.5
251,217,Undirected,362,,,0.25
251,216,Undirected,363,,,0.25
251,218,Undirected,364,,,0.25
252,217,Undirected,365,,,0.25
252,216,Undirected,366,,,0.5
252,251,Undirected,367,,,0.25
252,218,Undirected,368,,,0.25
255,254,Undirected,369,,,1
256,254,Undirected,370,,,0.5
256,255,Undirected,371,,,0.5
259,258,Undirected,372,,,1.33333
261,260,Undirected,373,,,1
263,262,Undirected,374,,,0.142857
264,262,Undirected,375,,,0.142857
264,263,Undirected,376,,,0.142857
265,262,Undirected,377,,,0.142857
265,263,Undirected,378,,,0.67619
265,264,Undirected,379,,,0.142857
266,262,Undirected,380,,,0.142857
266,263,Undirected,381,,,0.67619
266,264,Undirected,382,,,0.142857
266,265,Undirected,383,,,0.92619
267,262,Undirected,384,,,0.142857
267,263,Undirected,385,,,0.142857
267,264,Undirected,386,,,0.142857
267,265,Undirected,387,,,0.142857
267,266,Undirected,388,,,0.142857
268,262,Undirected,389,,,0.142857
268,263,Undirected,390,,,0.67619
268,264,Undirected,391,,,0.142857
268,265,Undirected,392,,,0.92619
268,266,Undirected,393,,,0.92619
268,267,Undirected,394,,,0.142857
269,262,Undirected,395,,,0.142857
269,263,Undirected,396,,,0.142857
269,264,Undirected,397,,,0.142857
269,265,Undirected,398,,,0.142857
269,266,Undirected,399,,,0.142857
269,267,Undirected,400,,,0.142857
269,268,Undirected,401,,,0.142857
271,270,Undirected,402,,,1
274,273,Undirected,403,,,0.5
275,273,Undirected,404,,,0.5
275,274,Undirected,405,,,0.5
277,276,Undirected,406,,,0.5
278,276,Undirected,407,,,0.5
278,277,Undirected,408,,,1
280,279,Undirected,409,,,0.166667
281,279,Undirected,410,,,0.166667
281,280,Undirected,411,,,0.166667
281,78,Undirected,412,,,1
281,150,Undirected,413,,,1.83333
282,279,Undirected,414,,,0.166667
282,280,Undirected,415,,,0.166667
282,281,Undirected,416,,,0.166667
283,279,Undirected,417,,,0.166667
283,280,Undirected,418,,,0.166667
283,281,Undirected,419,,,3.16667
283,282,Undirected,420,,,0.166667
284,279,Undirected,421,,,0.166667
284,280,Undirected,422,,,0.166667
284,281,Undirected,423,,,0.166667
284,282,Undirected,424,,,0.166667
284,283,Undirected,425,,,0.166667
285,279,Undirected,426,,,0.166667
285,280,Undirected,427,,,0.166667
285,281,Undirected,428,,,0.166667
285,282,Undirected,429,,,0.166667
285,283,Undirected,430,,,0.166667
285,284,Undirected,431,,,0.166667
287,286,Undirected,432,,,0.5
288,286,Undirected,433,,,1
288,287,Undirected,434,,,0.5
289,286,Undirected,435,,,0.5
289,288,Undirected,436,,,0.5
291,290,Undirected,437,,,0.5
292,290,Undirected,438,,,0.5
292,291,Undirected,439,,,0.5
294,293,Undirected,440,,,2.1
297,296,Undirected,441,,,1
298,296,Undirected,442,,,0.333333
299,296,Undirected,443,,,0.333333
299,298,Undirected,444,,,0.333333
300,296,Undirected,445,,,1.33333
300,298,Undirected,446,,,0.333333
300,299,Undirected,447,,,0.333333
301,203,Undirected,448,,,1.16667
301,150,Undirected,449,,,0.5
301,151,Undirected,450,,,0.5
301,162,Undirected,451,,,0.25
302,301,Undirected,452,,,1.33333
302,203,Undirected,453,,,0.833333
303,301,Undirected,454,,,0.333333
303,203,Undirected,455,,,0.333333
303,302,Undirected,456,,,0.333333
304,301,Undirected,457,,,0.5
304,302,Undirected,458,,,0.5
305,78,Undirected,459,,,0.583333
306,305,Undirected,460,,,0.25
306,78,Undirected,461,,,0.25
307,305,Undirected,462,,,0.25
307,306,Undirected,463,,,0.25
307,78,Undirected,464,,,0.25
307,265,Undirected,465,,,0.25
307,266,Undirected,466,,,0.25
307,268,Undirected,467,,,0.25
308,305,Undirected,468,,,0.583333
308,306,Undirected,469,,,0.25
308,307,Undirected,470,,,0.25
308,78,Undirected,471,,,1.58333
309,305,Undirected,472,,,0.333333
309,78,Undirected,473,,,3.33333
309,308,Undirected,474,,,2.33333
310,97,Undirected,475,,,0.5
310,69,Undirected,476,,,0.5
312,311,Undirected,477,,,1
314,313,Undirected,478,,,0.5
315,313,Undirected,479,,,0.5
315,314,Undirected,480,,,0.5
316,203,Undirected,481,,,0.333333
316,301,Undirected,482,,,0.583333
316,162,Undirected,483,,,0.25
317,203,Undirected,484,,,0.333333
317,316,Undirected,485,,,0.333333
317,301,Undirected,486,,,0.333333
319,318,Undirected,487,,,1
321,320,Undirected,488,,,0.833333
322,320,Undirected,489,,,0.333333
322,321,Undirected,490,,,0.333333
323,320,Undirected,491,,,0.666667
323,321,Undirected,492,,,0.333333
323,322,Undirected,493,,,0.333333
324,320,Undirected,494,,,0.333333
324,323,Undirected,495,,,0.333333
325,320,Undirected,496,,,0.333333
325,323,Undirected,497,,,0.333333
325,324,Undirected,498,,,0.333333
327,326,Undirected,499,,,0.333333
327,30,Undirected,500,,,0.333333
328,326,Undirected,501,,,0.333333
328,327,Undirected,502,,,1.16667
329,326,Undirected,503,,,0.333333
329,327,Undirected,504,,,0.333333
329,328,Undirected,505,,,0.333333
330,151,Undirected,506,,,0.5
331,330,Undirected,507,,,0.5
331,151,Undirected,508,,,0.5
333,332,Undirected,509,,,0.333333
334,332,Undirected,510,,,0.333333
334,333,Undirected,511,,,0.333333
335,332,Undirected,512,,,0.333333
335,333,Undirected,513,,,0.333333
335,334,Undirected,514,,,0.333333
337,336,Undirected,515,,,1
339,338,Undirected,516,,,0.333333
340,338,Undirected,517,,,0.333333
340,339,Undirected,518,,,0.333333
341,338,Undirected,519,,,0.333333
341,339,Undirected,520,,,1.33333
341,340,Undirected,521,,,0.333333
343,342,Undirected,522,,,0.5
343,221,Undirected,523,,,0.333333
343,219,Undirected,524,,,2.47619
344,342,Undirected,525,,,0.5
344,343,Undirected,526,,,0.5
345,252,Undirected,527,,,0.25
345,216,Undirected,528,,,0.583333
346,345,Undirected,529,,,0.583333
346,252,Undirected,530,,,0.25
346,216,Undirected,531,,,0.916667
347,345,Undirected,532,,,0.583333
347,346,Undirected,533,,,0.583333
347,252,Undirected,534,,,0.25
347,216,Undirected,535,,,0.583333
349,348,Undirected,536,,,0.2
350,348,Undirected,537,,,0.2
350,349,Undirected,538,,,0.2
351,348,Undirected,539,,,0.2
351,349,Undirected,540,,,0.2
351,350,Undirected,541,,,0.2
352,348,Undirected,542,,,0.2
352,349,Undirected,543,,,0.2
352,350,Undirected,544,,,0.2
352,351,Undirected,545,,,0.2
353,348,Undirected,546,,,0.2
353,349,Undirected,547,,,0.2
353,350,Undirected,548,,,0.2
353,351,Undirected,549,,,0.2
353,352,Undirected,550,,,0.2
355,354,Undirected,551,,,0.5
356,354,Undirected,552,,,0.5
356,355,Undirected,553,,,0.5
358,357,Undirected,554,,,0.833333
359,357,Undirected,555,,,0.5
359,358,Undirected,556,,,0.5
360,357,Undirected,557,,,0.333333
360,358,Undirected,558,,,0.333333
361,357,Undirected,559,,,0.333333
361,360,Undirected,560,,,0.333333
361,358,Undirected,561,,,0.333333
362,62,Undirected,562,,,0.2
363,362,Undirected,563,,,1
364,362,Undirected,564,,,0.5
365,362,Undirected,565,,,0.5
365,364,Undirected,566,,,0.5
367,366,Undirected,567,,,0.5
368,366,Undirected,568,,,0.5
368,367,Undirected,569,,,0.5
369,24,Undirected,570,,,0.5
369,25,Undirected,571,,,0.5
370,78,Undirected,572,,,0.5
371,370,Undirected,573,,,0.5
371,78,Undirected,574,,,2.5
371,309,Undirected,575,,,0.5
373,372,Undirected,576,,,0.5
374,372,Undirected,577,,,0.5
374,373,Undirected,578,,,0.5
375,33,Undirected,579,,,0.25
376,375,Undirected,580,,,1.91667
376,33,Undirected,581,,,0.25
377,375,Undirected,582,,,2.91667
377,376,Undirected,583,,,1.91667
377,33,Undirected,584,,,0.25
378,375,Undirected,585,,,0.333333
378,376,Undirected,586,,,0.333333
378,377,Undirected,587,,,0.333333
380,379,Undirected,588,,,0.5
381,379,Undirected,589,,,0.5
381,380,Undirected,590,,,0.5
383,382,Undirected,591,,,0.5
384,382,Undirected,592,,,0.5
384,383,Undirected,593,,,0.5
386,385,Undirected,594,,,0.142857
387,385,Undirected,595,,,0.142857
387,386,Undirected,596,,,0.142857
388,385,Undirected,597,,,0.142857
388,386,Undirected,598,,,0.142857
388,387,Undirected,599,,,0.142857
389,385,Undirected,600,,,0.142857
389,386,Undirected,601,,,0.142857
389,387,Undirected,602,,,0.142857
389,388,Undirected,603,,,0.142857
390,385,Undirected,604,,,0.142857
390,386,Undirected,605,,,0.142857
390,387,Undirected,606,,,0.142857
390,388,Undirected,607,,,0.142857
390,389,Undirected,608,,,0.142857
391,385,Undirected,609,,,0.142857
391,386,Undirected,610,,,0.142857
391,387,Undirected,611,,,0.142857
391,388,Undirected,612,,,0.142857
391,389,Undirected,613,,,0.142857
391,390,Undirected,614,,,0.142857
392,385,Undirected,615,,,0.142857
392,386,Undirected,616,,,0.142857
392,387,Undirected,617,,,0.142857
392,388,Undirected,618,,,0.142857
392,389,Undirected,619,,,0.142857
392,390,Undirected,620,,,0.142857
392,391,Undirected,621,,,0.142857
394,393,Undirected,622,,,0.333333
395,393,Undirected,623,,,0.333333
395,394,Undirected,624,,,0.333333
396,393,Undirected,625,,,0.333333
396,394,Undirected,626,,,0.333333
396,395,Undirected,627,,,0.333333
398,397,Undirected,628,,,0.333333
399,397,Undirected,629,,,0.333333
399,398,Undirected,630,,,0.333333
400,397,Undirected,631,,,0.333333
400,398,Undirected,632,,,0.333333
400,399,Undirected,633,,,0.333333
401,277,Undirected,634,,,0.166667
401,278,Undirected,635,,,0.166667
402,401,Undirected,636,,,0.166667
402,277,Undirected,637,,,0.166667
402,278,Undirected,638,,,0.166667
402,327,Undirected,639,,,2.16667
402,328,Undirected,640,,,0.333333
402,30,Undirected,641,,,0.333333
403,401,Undirected,642,,,0.166667
403,402,Undirected,643,,,0.166667
403,277,Undirected,644,,,0.5
403,278,Undirected,645,,,0.5
404,401,Undirected,646,,,0.166667
404,402,Undirected,647,,,0.166667
404,277,Undirected,648,,,0.166667
404,403,Undirected,649,,,0.166667
404,278,Undirected,650,,,0.166667
405,401,Undirected,651,,,0.166667
405,402,Undirected,652,,,0.166667
405,277,Undirected,653,,,0.166667
405,403,Undirected,654,,,0.166667
405,278,Undirected,655,,,0.166667
405,404,Undirected,656,,,0.166667
406,166,Undirected,657,,,1
409,408,Undirected,658,,,0.25
410,408,Undirected,659,,,0.583333
410,409,Undirected,660,,,0.25
411,408,Undirected,661,,,0.25
411,409,Undirected,662,,,0.25
411,410,Undirected,663,,,0.25
412,408,Undirected,664,,,0.583333
412,409,Undirected,665,,,0.25
412,410,Undirected,666,,,0.583333
412,411,Undirected,667,,,0.25
413,408,Undirected,668,,,0.333333
413,410,Undirected,669,,,0.333333
413,412,Undirected,670,,,0.333333
415,414,Undirected,671,,,1
415,247,Undirected,672,,,0.333333
416,402,Undirected,673,,,0.833333
416,327,Undirected,674,,,3.5
416,328,Undirected,675,,,0.333333
417,402,Undirected,676,,,1
417,327,Undirected,677,,,1
419,418,Undirected,678,,,1
421,319,Undirected,679,,,1
423,422,Undirected,680,,,0.5
424,422,Undirected,681,,,0.5
424,423,Undirected,682,,,0.5
426,425,Undirected,683,,,0.5
427,425,Undirected,684,,,0.5
427,426,Undirected,685,,,0.5
428,46,Undirected,686,,,1.33333
429,428,Undirected,687,,,1
431,430,Undirected,688,,,1
432,430,Undirected,689,,,1
434,433,Undirected,690,,,1
435,245,Undirected,691,,,1
435,244,Undirected,692,,,1
437,436,Undirected,693,,,0.5
438,436,Undirected,694,,,0.5
438,437,Undirected,695,,,0.5
439,118,Undirected,696,,,0.5
440,439,Undirected,697,,,1
441,439,Undirected,698,,,0.5
441,118,Undirected,699,,,0.5
443,442,Undirected,700,,,1
443,72,Undirected,701,,,0.5
445,444,Undirected,702,,,1
447,446,Undirected,703,,,0.333333
448,446,Undirected,704,,,0.333333
448,447,Undirected,705,,,0.333333
449,446,Undirected,706,,,0.333333
449,447,Undirected,707,,,0.333333
449,448,Undirected,708,,,0.333333
450,282,Undirected,709,,,1
453,452,Undirected,710,,,0.142857
454,452,Undirected,711,,,0.142857
454,453,Undirected,712,,,0.142857
455,452,Undirected,713,,,0.142857
455,453,Undirected,714,,,0.142857
455,454,Undirected,715,,,0.142857
456,452,Undirected,716,,,0.142857
456,453,Undirected,717,,,0.142857
456,454,Undirected,718,,,0.142857
456,455,Undirected,719,,,0.142857
457,452,Undirected,720,,,0.142857
457,453,Undirected,721,,,0.142857
457,454,Undirected,722,,,0.142857
457,455,Undirected,723,,,0.142857
457,456,Undirected,724,,,0.142857
458,452,Undirected,725,,,0.142857
458,453,Undirected,726,,,0.642857
458,454,Undirected,727,,,0.142857
458,455,Undirected,728,,,0.142857
458,456,Undirected,729,,,0.142857
458,457,Undirected,730,,,0.142857
459,452,Undirected,731,,,0.142857
459,453,Undirected,732,,,0.642857
459,454,Undirected,733,,,0.142857
459,455,Undirected,734,,,0.142857
459,456,Undirected,735,,,0.142857
459,457,Undirected,736,,,0.142857
459,458,Undirected,737,,,0.642857
461,460,Undirected,738,,,0.333333
462,460,Undirected,739,,,0.333333
462,461,Undirected,740,,,0.333333
463,460,Undirected,741,,,0.333333
463,461,Undirected,742,,,0.333333
463,462,Undirected,743,,,0.333333
463,301,Undirected,744,,,0.5
464,33,Undirected,745,,,1
465,464,Undirected,746,,,1.5
466,464,Undirected,747,,,0.5
466,465,Undirected,748,,,0.5
468,467,Undirected,749,,,0.25
469,467,Undirected,750,,,0.25
469,468,Undirected,751,,,0.25
470,467,Undirected,752,,,0.25
470,468,Undirected,753,,,0.25
470,469,Undirected,754,,,0.25
471,467,Undirected,755,,,0.25
471,468,Undirected,756,,,0.25
471,469,Undirected,757,,,0.25
471,470,Undirected,758,,,0.25
473,472,Undirected,759,,,0.833333
473,222,Undirected,760,,,0.5
473,219,Undirected,761,,,0.5
474,472,Undirected,762,,,0.5
474,473,Undirected,763,,,0.5
476,475,Undirected,764,,,1
477,475,Undirected,765,,,0.5
478,475,Undirected,766,,,0.5
478,477,Undirected,767,,,0.5
480,479,Undirected,768,,,0.333333
481,479,Undirected,769,,,0.333333
481,480,Undirected,770,,,0.333333
482,479,Undirected,771,,,0.333333
482,480,Undirected,772,,,0.333333
482,481,Undirected,773,,,0.333333
484,483,Undirected,774,,,1
485,33,Undirected,775,,,1
487,486,Undirected,776,,,1
488,33,Undirected,777,,,0.333333
488,54,Undirected,778,,,0.333333
489,488,Undirected,779,,,0.333333
489,33,Undirected,780,,,0.333333
489,54,Undirected,781,,,0.333333
490,309,Undirected,782,,,1.5
490,78,Undirected,783,,,0.5
491,490,Undirected,784,,,0.5
491,309,Undirected,785,,,0.5
492,490,Undirected,786,,,1
493,490,Undirected,787,,,0.5
493,309,Undirected,788,,,0.5
495,494,Undirected,789,,,0.5
496,494,Undirected,790,,,0.5
496,495,Undirected,791,,,0.5
498,497,Undirected,792,,,1
499,303,Undirected,793,,,1
500,150,Undirected,794,,,0.5
501,500,Undirected,795,,,1
502,500,Undirected,796,,,2.5
502,501,Undirected,797,,,1
503,500,Undirected,798,,,1.5
503,502,Undirected,799,,,0.5
506,505,Undirected,800,,,1
507,190,Undirected,801,,,0.583333
507,33,Undirected,802,,,0.583333
508,507,Undirected,803,,,1.08333
508,190,Undirected,804,,,0.583333
508,33,Undirected,805,,,0.583333
509,507,Undirected,806,,,0.75
509,508,Undirected,807,,,0.75
509,190,Undirected,808,,,0.25
509,33,Undirected,809,,,0.25
512,511,Undirected,810,,,1
513,245,Undirected,811,,,0.5
513,244,Undirected,812,,,0.5
515,514,Undirected,813,,,0.833333
516,514,Undirected,814,,,0.833333
516,515,Undirected,815,,,2.33333
516,346,Undirected,816,,,0.333333
516,216,Undirected,817,,,0.333333
516,151,Undirected,818,,,1.58333
516,150,Undirected,819,,,1.08333
516,225,Undirected,820,,,0.25
517,514,Undirected,821,,,0.333333
517,515,Undirected,822,,,0.333333
517,516,Undirected,823,,,2.91667
517,151,Undirected,824,,,2.25
517,150,Undirected,825,,,1.58333
517,225,Undirected,826,,,0.25
517,127,Undirected,827,,,0.333333
517,152,Undirected,828,,,1
519,518,Undirected,829,,,1
521,520,Undirected,830,,,1
522,76,Undirected,831,,,1
523,522,Undirected,832,,,0.25
524,522,Undirected,833,,,0.25
524,523,Undirected,834,,,0.25
525,522,Undirected,835,,,0.25
525,523,Undirected,836,,,0.25
525,524,Undirected,837,,,0.25
526,522,Undirected,838,,,0.25
526,523,Undirected,839,,,0.25
526,524,Undirected,840,,,0.25
526,525,Undirected,841,,,0.25
527,522,Undirected,842,,,2
529,528,Undirected,843,,,1
531,530,Undirected,844,,,0.533333
532,530,Undirected,845,,,0.533333
532,531,Undirected,846,,,0.533333
533,530,Undirected,847,,,0.333333
533,531,Undirected,848,,,0.333333
533,532,Undirected,849,,,0.333333
535,534,Undirected,850,,,1
538,537,Undirected,851,,,0.5
539,537,Undirected,852,,,0.833333
539,538,Undirected,853,,,0.5
540,537,Undirected,854,,,0.333333
541,537,Undirected,855,,,0.333333
541,540,Undirected,856,,,0.333333
542,537,Undirected,857,,,0.333333
542,540,Undirected,858,,,0.333333
542,541,Undirected,859,,,0.333333
545,544,Undirected,860,,,1
547,546,Undirected,861,,,1
547,55,Undirected,862,,,0.5
547,56,Undirected,863,,,0.5
547,329,Undirected,864,,,1.5
548,121,Undirected,865,,,0.333333
549,548,Undirected,866,,,0.333333
549,121,Undirected,867,,,0.333333
550,548,Undirected,868,,,0.333333
550,549,Undirected,869,,,0.333333
550,121,Undirected,870,,,1.83333
553,552,Undirected,871,,,0.5
554,552,Undirected,872,,,0.5
554,553,Undirected,873,,,0.5
557,556,Undirected,874,,,0.5
558,556,Undirected,875,,,0.5
558,557,Undirected,876,,,0.5
560,559,Undirected,877,,,1
561,33,Undirected,878,,,0.708333
561,53,Undirected,879,,,0.708333
561,34,Undirected,880,,,0.375
561,133,Undirected,881,,,0.125
561,54,Undirected,882,,,0.375
561,132,Undirected,883,,,0.125
561,134,Undirected,884,,,0.125
562,561,Undirected,885,,,0.458333
562,33,Undirected,886,,,0.458333
562,53,Undirected,887,,,0.458333
562,34,Undirected,888,,,0.125
562,133,Undirected,889,,,0.125
562,54,Undirected,890,,,0.125
562,132,Undirected,891,,,0.125
562,134,Undirected,892,,,0.125
563,82,Undirected,893,,,1
564,563,Undirected,894,,,0.333333
565,563,Undirected,895,,,0.333333
565,564,Undirected,896,,,0.333333
566,563,Undirected,897,,,0.333333
566,564,Undirected,898,,,0.333333
566,565,Undirected,899,,,0.333333
567,189,Undirected,900,,,2.33333
569,568,Undirected,901,,,1
571,570,Undirected,902,,,1
573,572,Undirected,903,,,1
574,281,Undirected,904,,,2.5
574,283,Undirected,905,,,0.5
575,574,Undirected,906,,,0.5
575,281,Undirected,907,,,0.5
576,574,Undirected,908,,,0.5
576,281,Undirected,909,,,0.5
578,577,Undirected,910,,,1
581,580,Undirected,911,,,0.5
582,580,Undirected,912,,,0.5
582,581,Undirected,913,,,0.5
584,583,Undirected,914,,,1
585,136,Undirected,915,,,0.333333
586,585,Undirected,916,,,0.333333
586,136,Undirected,917,,,0.333333
587,585,Undirected,918,,,0.333333
587,586,Undirected,919,,,0.333333
587,136,Undirected,920,,,1.83333
590,589,Undirected,921,,,0.583333
590,307,Undirected,922,,,1
591,589,Undirected,923,,,0.583333
591,590,Undirected,924,,,1.58333
592,589,Undirected,925,,,0.333333
592,590,Undirected,926,,,0.333333
592,591,Undirected,927,,,0.333333
594,593,Undirected,928,,,1
595,277,Undirected,929,,,0.333333
595,403,Undirected,930,,,0.333333
595,278,Undirected,931,,,0.333333
596,327,Undirected,932,,,0.5
596,416,Undirected,933,,,0.5
596,46,Undirected,934,,,1
598,597,Undirected,935,,,1
600,599,Undirected,936,,,1
603,602,Undirected,937,,,1
606,275,Undirected,938,,,0.333333
607,275,Undirected,939,,,0.333333
607,606,Undirected,940,,,0.333333
608,275,Undirected,941,,,0.333333
608,606,Undirected,942,,,0.333333
608,607,Undirected,943,,,0.333333
609,45,Undirected,944,,,0.833333
610,609,Undirected,945,,,0.5
610,45,Undirected,946,,,0.5
611,609,Undirected,947,,,0.333333
611,45,Undirected,948,,,0.333333
612,609,Undirected,949,,,0.333333
612,45,Undirected,950,,,0.333333
612,611,Undirected,951,,,0.333333
615,614,Undirected,952,,,1
617,616,Undirected,953,,,1
619,618,Undirected,954,,,0.5
620,618,Undirected,955,,,0.5
620,619,Undirected,956,,,0.5
622,621,Undirected,957,,,1
624,623,Undirected,958,,,1
626,625,Undirected,959,,,0.333333
627,625,Undirected,960,,,0.333333
627,626,Undirected,961,,,0.333333
628,625,Undirected,962,,,0.333333
628,626,Undirected,963,,,0.333333
628,627,Undirected,964,,,0.333333
630,629,Undirected,965,,,0.5
631,629,Undirected,966,,,0.5
631,630,Undirected,967,,,1
631,337,Undirected,968,,,0.2
633,632,Undirected,969,,,1
636,635,Undirected,970,,,0.5
637,635,Undirected,971,,,0.5
637,636,Undirected,972,,,0.5
638,162,Undirected,973,,,0.25
638,316,Undirected,974,,,0.25
638,301,Undirected,975,,,0.75
638,463,Undirected,976,,,0.5
639,638,Undirected,977,,,0.25
639,162,Undirected,978,,,0.25
639,316,Undirected,979,,,0.25
639,301,Undirected,980,,,0.25
640,638,Undirected,981,,,1
641,78,Undirected,982,,,1
643,642,Undirected,983,,,1
646,78,Undirected,984,,,2.5
648,647,Undirected,985,,,1
650,189,Undirected,986,,,0.333333
650,567,Undirected,987,,,0.333333
651,650,Undirected,988,,,0.333333
651,189,Undirected,989,,,0.333333
651,567,Undirected,990,,,0.333333
652,34,Undirected,991,,,0.25
653,652,Undirected,992,,,0.333333
654,652,Undirected,993,,,2.08333
654,653,Undirected,994,,,0.333333
654,34,Undirected,995,,,1.25
654,55,Undirected,996,,,0.333333
654,56,Undirected,997,,,0.333333
655,652,Undirected,998,,,2.08333
655,653,Undirected,999,,,0.333333
655,654,Undirected,1000,,,2.08333
655,34,Undirected,1001,,,0.25
656,652,Undirected,1002,,,0.333333
656,654,Undirected,1003,,,0.333333
656,655,Undirected,1004,,,0.333333
657,652,Undirected,1005,,,0.583333
657,34,Undirected,1006,,,0.25
657,654,Undirected,1007,,,0.916667
657,655,Undirected,1008,,,0.583333
659,658,Undirected,1009,,,0.333333
660,658,Undirected,1010,,,0.333333
660,659,Undirected,1011,,,0.333333
661,658,Undirected,1012,,,0.333333
661,659,Undirected,1013,,,0.333333
661,660,Undirected,1014,,,0.333333
663,662,Undirected,1015,,,0.75
664,662,Undirected,1016,,,0.25
664,663,Undirected,1017,,,0.25
665,662,Undirected,1018,,,0.25
665,663,Undirected,1019,,,0.25
665,664,Undirected,1020,,,0.25
666,662,Undirected,1021,,,0.25
666,663,Undirected,1022,,,0.25
666,664,Undirected,1023,,,0.25
666,665,Undirected,1024,,,0.25
668,667,Undirected,1025,,,1
670,669,Undirected,1026,,,1
671,669,Undirected,1027,,,1
673,672,Undirected,1028,,,1
674,515,Undirected,1029,,,0.5
674,516,Undirected,1030,,,0.5
675,443,Undirected,1031,,,0.5
676,675,Undirected,1032,,,0.5
676,443,Undirected,1033,,,0.5
677,663,Undirected,1034,,,0.5
677,662,Undirected,1035,,,0.5
679,678,Undirected,1036,,,0.5
680,678,Undirected,1037,,,0.5
680,679,Undirected,1038,,,0.5
682,681,Undirected,1039,,,0.333333
683,681,Undirected,1040,,,0.333333
683,682,Undirected,1041,,,0.333333
684,681,Undirected,1042,,,0.333333
684,682,Undirected,1043,,,0.333333
684,683,Undirected,1044,,,0.333333
685,57,Undirected,1045,,,1
686,350,Undirected,1046,,,1
689,537,Undirected,1047,,,0.333333
689,539,Undirected,1048,,,0.333333
690,689,Undirected,1049,,,0.333333
690,537,Undirected,1050,,,0.333333
690,539,Undirected,1051,,,0.333333
692,342,Undirected,1052,,,1
694,693,Undirected,1053,,,0.2
695,693,Undirected,1054,,,0.2
695,694,Undirected,1055,,,0.2
696,693,Undirected,1056,,,0.2
696,694,Undirected,1057,,,0.2
696,695,Undirected,1058,,,0.2
697,693,Undirected,1059,,,1.2
697,694,Undirected,1060,,,0.2
697,695,Undirected,1061,,,0.2
697,696,Undirected,1062,,,0.2
697,219,Undirected,1063,,,0.142857
697,343,Undirected,1064,,,0.142857
698,693,Undirected,1065,,,0.2
698,694,Undirected,1066,,,0.2
698,695,Undirected,1067,,,0.2
698,696,Undirected,1068,,,0.2
698,697,Undirected,1069,,,0.2
699,445,Undirected,1070,,,1
700,96,Undirected,1071,,,0.333333
701,700,Undirected,1072,,,0.333333
701,96,Undirected,1073,,,0.333333
702,700,Undirected,1074,,,0.333333
702,96,Undirected,1075,,,0.333333
702,701,Undirected,1076,,,0.333333
705,704,Undirected,1077,,,0.333333
706,704,Undirected,1078,,,0.333333
706,705,Undirected,1079,,,0.333333
707,704,Undirected,1080,,,0.333333
707,705,Undirected,1081,,,0.333333
707,706,Undirected,1082,,,0.333333
708,97,Undirected,1083,,,0.583333
708,94,Undirected,1084,,,0.583333
708,96,Undirected,1085,,,0.583333
708,99,Undirected,1086,,,0.25
709,97,Undirected,1087,,,0.333333
709,69,Undirected,1088,,,0.666667
709,71,Undirected,1089,,,0.333333
709,72,Undirected,1090,,,0.333333
710,97,Undirected,1091,,,0.333333
710,709,Undirected,1092,,,0.333333
710,69,Undirected,1093,,,0.333333
711,87,Undirected,1094,,,0.5
711,88,Undirected,1095,,,0.5
712,642,Undirected,1096,,,0.5
713,712,Undirected,1097,,,0.5
713,642,Undirected,1098,,,0.5
715,695,Undirected,1099,,,0.25
716,695,Undirected,1100,,,0.25
716,715,Undirected,1101,,,0.25
717,695,Undirected,1102,,,0.25
717,715,Undirected,1103,,,0.25
717,716,Undirected,1104,,,0.25
718,695,Undirected,1105,,,0.25
718,715,Undirected,1106,,,0.25
718,716,Undirected,1107,,,0.25
718,717,Undirected,1108,,,0.25
720,719,Undirected,1109,,,2
721,670,Undirected,1110,,,1
724,723,Undirected,1111,,,0.333333
725,723,Undirected,1112,,,0.333333
725,724,Undirected,1113,,,0.333333
726,723,Undirected,1114,,,0.333333
726,724,Undirected,1115,,,0.333333
726,725,Undirected,1116,,,0.333333
729,136,Undirected,1117,,,0.5
729,587,Undirected,1118,,,0.5
731,730,Undirected,1119,,,1
733,732,Undirected,1120,,,0.5
734,732,Undirected,1121,,,0.5
734,733,Undirected,1122,,,0.5
736,71,Undirected,1123,,,0.5
737,736,Undirected,1124,,,0.5
737,71,Undirected,1125,,,0.5
738,443,Undirected,1126,,,0.5
738,72,Undirected,1127,,,0.5
739,443,Undirected,1128,,,1
742,293,Undirected,1129,,,0.9
742,294,Undirected,1130,,,1.9
742,523,Undirected,1131,,,0.333333
743,742,Undirected,1132,,,1.4
743,293,Undirected,1133,,,0.9
743,294,Undirected,1134,,,1.4
744,742,Undirected,1135,,,1.2
744,293,Undirected,1136,,,0.7
744,743,Undirected,1137,,,0.7
744,294,Undirected,1138,,,2.7
745,742,Undirected,1139,,,1
746,742,Undirected,1140,,,2.33333
746,294,Undirected,1141,,,0.333333
746,523,Undirected,1142,,,0.333333
748,747,Undirected,1143,,,1
751,750,Undirected,1144,,,1
752,719,Undirected,1145,,,0.5
753,752,Undirected,1146,,,0.5
753,719,Undirected,1147,,,0.5
755,754,Undirected,1148,,,1
756,34,Undirected,1149,,,0.5
756,78,Undirected,1150,,,0.5
757,756,Undirected,1151,,,0.5
757,69,Undirected,1152,,,0.75
757,72,Undirected,1153,,,0.25
758,756,Undirected,1154,,,0.5
758,757,Undirected,1155,,,1.25
758,69,Undirected,1156,,,0.75
758,72,Undirected,1157,,,0.25
759,756,Undirected,1158,,,1
759,78,Undirected,1159,,,0.5
759,371,Undirected,1160,,,0.5
760,756,Undirected,1161,,,1.5
760,34,Undirected,1162,,,0.5
761,756,Undirected,1163,,,1.86667
761,34,Undirected,1164,,,0.333333
762,756,Undirected,1165,,,0.333333
762,761,Undirected,1166,,,0.666667
762,34,Undirected,1167,,,0.333333
763,756,Undirected,1168,,,0.333333
763,761,Undirected,1169,,,0.666667
763,762,Undirected,1170,,,0.666667
763,34,Undirected,1171,,,0.333333
764,756,Undirected,1172,,,0.533333
764,761,Undirected,1173,,,0.533333
764,121,Undirected,1174,,,0.833333
765,756,Undirected,1175,,,0.533333
765,764,Undirected,1176,,,0.866667
765,761,Undirected,1177,,,0.533333
765,121,Undirected,1178,,,0.333333
767,766,Undirected,1179,,,0.333333
768,766,Undirected,1180,,,0.333333
768,767,Undirected,1181,,,0.333333
769,766,Undirected,1182,,,0.333333
769,767,Undirected,1183,,,0.333333
769,768,Undirected,1184,,,0.333333
770,127,Undirected,1185,,,0.2
770,126,Undirected,1186,,,0.2
771,770,Undirected,1187,,,0.2
771,127,Undirected,1188,,,0.2
771,126,Undirected,1189,,,0.2
772,770,Undirected,1190,,,0.2
772,771,Undirected,1191,,,0.2
772,127,Undirected,1192,,,0.2
772,126,Undirected,1193,,,0.2
773,770,Undirected,1194,,,0.2
773,771,Undirected,1195,,,0.2
773,127,Undirected,1196,,,0.2
773,772,Undirected,1197,,,0.2
773,126,Undirected,1198,,,0.2
774,761,Undirected,1199,,,1.33333
774,657,Undirected,1200,,,0.333333
774,654,Undirected,1201,,,0.333333
775,774,Undirected,1202,,,1.33333
775,761,Undirected,1203,,,1.53333
775,764,Undirected,1204,,,0.2
775,756,Undirected,1205,,,0.2
775,765,Undirected,1206,,,0.2
776,774,Undirected,1207,,,0.333333
776,761,Undirected,1208,,,0.333333
776,775,Undirected,1209,,,0.333333
778,777,Undirected,1210,,,1
780,496,Undirected,1211,,,0.5
781,780,Undirected,1212,,,0.5
781,496,Undirected,1213,,,0.5
783,631,Undirected,1214,,,1
784,631,Undirected,1215,,,0.5
784,783,Undirected,1216,,,0.5
786,785,Undirected,1217,,,0.5
787,785,Undirected,1218,,,0.5
787,786,Undirected,1219,,,0.5
788,346,Undirected,1220,,,0.333333
788,216,Undirected,1221,,,0.333333
788,516,Undirected,1222,,,0.333333
789,597,Undirected,1223,,,1
790,789,Undirected,1224,,,1
790,597,Undirected,1225,,,1
792,662,Undirected,1226,,,0.333333
793,792,Undirected,1227,,,0.333333
793,662,Undirected,1228,,,0.333333
794,792,Undirected,1229,,,0.333333
794,662,Undirected,1230,,,0.333333
794,793,Undirected,1231,,,0.333333
795,64,Undirected,1232,,,0.25
796,795,Undirected,1233,,,0.25
796,64,Undirected,1234,,,0.25
797,795,Undirected,1235,,,0.25
797,796,Undirected,1236,,,0.25
797,64,Undirected,1237,,,0.25
798,795,Undirected,1238,,,0.25
798,796,Undirected,1239,,,0.25
798,797,Undirected,1240,,,0.25
798,64,Undirected,1241,,,0.25
800,799,Undirected,1242,,,0.2
801,799,Undirected,1243,,,0.2
801,800,Undirected,1244,,,0.2
802,799,Undirected,1245,,,0.2
802,800,Undirected,1246,,,0.2
802,801,Undirected,1247,,,0.2
803,799,Undirected,1248,,,0.2
803,800,Undirected,1249,,,0.2
803,801,Undirected,1250,,,0.2
803,802,Undirected,1251,,,0.2
804,799,Undirected,1252,,,0.2
804,800,Undirected,1253,,,0.2
804,801,Undirected,1254,,,0.2
804,802,Undirected,1255,,,0.2
804,803,Undirected,1256,,,0.2
805,62,Undirected,1257,,,0.92619
805,362,Undirected,1258,,,0.2
806,805,Undirected,1259,,,0.92619
806,62,Undirected,1260,,,1.25952
806,362,Undirected,1261,,,0.2
807,805,Undirected,1262,,,0.92619
807,806,Undirected,1263,,,0.92619
807,62,Undirected,1264,,,0.92619
807,362,Undirected,1265,,,0.2
808,805,Undirected,1266,,,0.25
808,806,Undirected,1267,,,0.25
808,807,Undirected,1268,,,0.25
808,62,Undirected,1269,,,0.25
810,809,Undirected,1270,,,1
813,812,Undirected,1271,,,1
815,814,Undirected,1272,,,0.5
816,814,Undirected,1273,,,0.5
816,815,Undirected,1274,,,0.5
818,817,Undirected,1275,,,1
820,819,Undirected,1276,,,1
822,821,Undirected,1277,,,0.333333
823,821,Undirected,1278,,,0.333333
823,822,Undirected,1279,,,0.333333
824,821,Undirected,1280,,,0.333333
824,822,Undirected,1281,,,0.333333
824,823,Undirected,1282,,,0.333333
826,825,Undirected,1283,,,0.111111
827,825,Undirected,1284,,,0.111111
827,826,Undirected,1285,,,0.111111
828,825,Undirected,1286,,,0.111111
828,826,Undirected,1287,,,0.111111
828,827,Undirected,1288,,,0.111111
829,825,Undirected,1289,,,0.111111
829,826,Undirected,1290,,,0.111111
829,827,Undirected,1291,,,0.111111
829,828,Undirected,1292,,,0.111111
830,825,Undirected,1293,,,0.111111
830,826,Undirected,1294,,,0.111111
830,827,Undirected,1295,,,0.111111
830,828,Undirected,1296,,,0.111111
830,829,Undirected,1297,,,0.111111
831,825,Undirected,1298,,,0.111111
831,826,Undirected,1299,,,0.111111
831,827,Undirected,1300,,,0.111111
831,828,Undirected,1301,,,0.111111
831,829,Undirected,1302,,,0.111111
831,830,Undirected,1303,,,0.111111
832,825,Undirected,1304,,,0.111111
832,826,Undirected,1305,,,0.111111
832,827,Undirected,1306,,,0.111111
832,828,Undirected,1307,,,0.111111
832,829,Undirected,1308,,,0.111111
832,830,Undirected,1309,,,0.111111
832,831,Undirected,1310,,,0.111111
833,825,Undirected,1311,,,0.111111
833,826,Undirected,1312,,,0.111111
833,827,Undirected,1313,,,0.111111
833,828,Undirected,1314,,,0.111111
833,829,Undirected,1315,,,0.111111
833,830,Undirected,1316,,,0.111111
833,831,Undirected,1317,,,0.111111
833,832,Undirected,1318,,,0.111111
834,825,Undirected,1319,,,0.111111
834,826,Undirected,1320,,,0.111111
834,827,Undirected,1321,,,0.111111
834,828,Undirected,1322,,,0.111111
834,829,Undirected,1323,,,0.111111
834,830,Undirected,1324,,,0.111111
834,831,Undirected,1325,,,0.111111
834,832,Undirected,1326,,,0.111111
834,833,Undirected,1327,,,0.111111
836,835,Undirected,1328,,,0.5
837,835,Undirected,1329,,,0.5
837,836,Undirected,1330,,,0.5
839,34,Undirected,1331,,,0.333333
839,33,Undirected,1332,,,0.333333
839,54,Undirected,1333,,,0.333333
840,34,Undirected,1334,,,0.45
840,30,Undirected,1335,,,0.25
840,54,Undirected,1336,,,0.45
840,33,Undirected,1337,,,0.45
842,841,Undirected,1338,,,1.5
843,841,Undirected,1339,,,0.5
843,842,Undirected,1340,,,0.5
845,844,Undirected,1341,,,0.333333
846,844,Undirected,1342,,,0.333333
846,845,Undirected,1343,,,0.333333
847,844,Undirected,1344,,,0.333333
847,845,Undirected,1345,,,0.333333
847,846,Undirected,1346,,,0.333333
849,848,Undirected,1347,,,1
851,850,Undirected,1348,,,0.5
852,850,Undirected,1349,,,0.5
852,851,Undirected,1350,,,0.5
853,646,Undirected,1351,,,0.5
853,78,Undirected,1352,,,0.5
856,855,Undirected,1353,,,0.5
857,855,Undirected,1354,,,0.5
857,856,Undirected,1355,,,0.5
859,106,Undirected,1356,,,1
860,294,Undirected,1357,,,0.2
861,860,Undirected,1358,,,0.5
862,860,Undirected,1359,,,0.5
862,861,Undirected,1360,,,0.5
863,654,Undirected,1361,,,0.5
864,863,Undirected,1362,,,0.5
864,654,Undirected,1363,,,0.5
865,654,Undirected,1364,,,0.5
865,34,Undirected,1365,,,0.5
866,371,Undirected,1366,,,0.5
867,866,Undirected,1367,,,0.5
867,371,Undirected,1368,,,0.5
871,870,Undirected,1369,,,0.25
872,870,Undirected,1370,,,0.25
872,871,Undirected,1371,,,0.25
873,870,Undirected,1372,,,0.25
873,871,Undirected,1373,,,0.25
873,872,Undirected,1374,,,0.25
874,870,Undirected,1375,,,0.25
874,871,Undirected,1376,,,0.25
874,872,Undirected,1377,,,0.25
874,873,Undirected,1378,,,0.25
878,877,Undirected,1379,,,0.25
879,877,Undirected,1380,,,0.25
879,878,Undirected,1381,,,0.25
880,877,Undirected,1382,,,0.25
880,878,Undirected,1383,,,0.25
880,879,Undirected,1384,,,0.25
881,877,Undirected,1385,,,0.25
881,878,Undirected,1386,,,0.25
881,879,Undirected,1387,,,0.25
881,880,Undirected,1388,,,0.25
884,883,Undirected,1389,,,0.5
885,883,Undirected,1390,,,0.5
885,884,Undirected,1391,,,0.5
887,886,Undirected,1392,,,1
889,888,Undirected,1393,,,0.5
890,888,Undirected,1394,,,0.5
890,889,Undirected,1395,,,0.5
892,761,Undirected,1396,,,0.2
892,764,Undirected,1397,,,0.2
892,756,Undirected,1398,,,0.2
892,765,Undirected,1399,,,0.2
892,775,Undirected,1400,,,0.2
893,652,Undirected,1401,,,0.333333
893,654,Undirected,1402,,,0.666667
893,655,Undirected,1403,,,0.333333
893,55,Undirected,1404,,,0.333333
893,56,Undirected,1405,,,0.333333
894,402,Undirected,1406,,,0.333333
894,30,Undirected,1407,,,0.333333
894,327,Undirected,1408,,,0.333333
896,895,Undirected,1409,,,0.25
897,895,Undirected,1410,,,0.25
897,896,Undirected,1411,,,0.25
898,895,Undirected,1412,,,0.25
898,896,Undirected,1413,,,0.25
898,897,Undirected,1414,,,0.25
899,895,Undirected,1415,,,0.25
899,896,Undirected,1416,,,0.25
899,897,Undirected,1417,,,0.25
899,898,Undirected,1418,,,0.25
901,900,Undirected,1419,,,0.5
902,900,Undirected,1420,,,0.5
902,901,Undirected,1421,,,0.5
904,903,Undirected,1422,,,0.5
905,903,Undirected,1423,,,0.5
905,904,Undirected,1424,,,0.5
907,906,Undirected,1425,,,1
908,307,Undirected,1426,,,0.25
908,265,Undirected,1427,,,0.25
908,266,Undirected,1428,,,0.25
908,268,Undirected,1429,,,0.25
910,909,Undirected,1430,,,0.5
911,909,Undirected,1431,,,0.5
911,910,Undirected,1432,,,0.5
913,912,Undirected,1433,,,0.2
914,912,Undirected,1434,,,0.2
914,913,Undirected,1435,,,0.342857
915,912,Undirected,1436,,,0.2
915,913,Undirected,1437,,,0.342857
915,914,Undirected,1438,,,0.342857
916,912,Undirected,1439,,,0.2
916,913,Undirected,1440,,,0.985714
916,914,Undirected,1441,,,0.342857
916,915,Undirected,1442,,,0.342857
917,912,Undirected,1443,,,0.2
917,913,Undirected,1444,,,0.2
917,914,Undirected,1445,,,0.2
917,915,Undirected,1446,,,0.2
917,916,Undirected,1447,,,0.2
918,171,Undirected,1448,,,1
921,920,Undirected,1449,,,1
922,415,Undirected,1450,,,1
924,923,Undirected,1451,,,0.5
925,923,Undirected,1452,,,0.5
925,924,Undirected,1453,,,0.5
926,177,Undirected,1454,,,1
927,243,Undirected,1455,,,1.25
930,929,Undirected,1456,,,1
931,742,Undirected,1457,,,0.7
931,293,Undirected,1458,,,0.4
931,743,Undirected,1459,,,0.2
931,294,Undirected,1460,,,0.4
932,931,Undirected,1461,,,1.9
932,742,Undirected,1462,,,0.7
932,293,Undirected,1463,,,0.4
932,743,Undirected,1464,,,0.2
932,294,Undirected,1465,,,0.4
933,931,Undirected,1466,,,1
934,55,Undirected,1467,,,0.5
934,56,Undirected,1468,,,0.5
935,117,Undirected,1469,,,0.25
936,935,Undirected,1470,,,0.25
936,117,Undirected,1471,,,0.25
937,935,Undirected,1472,,,0.25
937,936,Undirected,1473,,,0.25
937,117,Undirected,1474,,,0.25
938,935,Undirected,1475,,,0.25
938,936,Undirected,1476,,,0.25
938,937,Undirected,1477,,,0.25
938,117,Undirected,1478,,,0.25
940,478,Undirected,1479,,,1
942,941,Undirected,1480,,,0.5
943,941,Undirected,1481,,,0.5
943,942,Undirected,1482,,,0.5
944,263,Undirected,1483,,,0.2
944,265,Undirected,1484,,,0.2
944,266,Undirected,1485,,,0.2
944,268,Undirected,1486,,,0.2
945,263,Undirected,1487,,,0.2
945,265,Undirected,1488,,,0.2
945,266,Undirected,1489,,,0.2
945,944,Undirected,1490,,,0.2
945,268,Undirected,1491,,,0.2
946,1,Undirected,1492,,,1
948,947,Undirected,1493,,,1
950,949,Undirected,1494,,,1
952,951,Undirected,1495,,,1.16667
953,951,Undirected,1496,,,1.16667
953,952,Undirected,1497,,,1.16667
954,951,Undirected,1498,,,0.666667
954,953,Undirected,1499,,,0.666667
954,952,Undirected,1500,,,0.666667
955,194,Undirected,1501,,,0.5
956,955,Undirected,1502,,,0.5
956,194,Undirected,1503,,,1.08333
958,957,Undirected,1504,,,0.5
959,957,Undirected,1505,,,0.5
959,958,Undirected,1506,,,0.5
961,960,Undirected,1507,,,0.5
962,960,Undirected,1508,,,0.5
962,961,Undirected,1509,,,0.5
963,517,Undirected,1510,,,0.333333
963,151,Undirected,1511,,,0.333333
964,963,Undirected,1512,,,0.333333
964,517,Undirected,1513,,,0.333333
964,151,Undirected,1514,,,0.333333
966,965,Undirected,1515,,,0.2
967,965,Undirected,1516,,,0.2
967,966,Undirected,1517,,,0.2
968,965,Undirected,1518,,,0.2
968,966,Undirected,1519,,,0.2
968,967,Undirected,1520,,,0.2
969,965,Undirected,1521,,,0.2
969,966,Undirected,1522,,,0.2
969,967,Undirected,1523,,,0.2
969,968,Undirected,1524,,,0.2
970,965,Undirected,1525,,,0.2
970,966,Undirected,1526,,,0.2
970,967,Undirected,1527,,,0.2
970,968,Undirected,1528,,,0.2
970,969,Undirected,1529,,,0.2
973,972,Undirected,1530,,,1
973,300,Undirected,1531,,,1
975,974,Undirected,1532,,,0.5
976,974,Undirected,1533,,,0.5
976,975,Undirected,1534,,,0.5
976,88,Undirected,1535,,,1
977,758,Undirected,1536,,,0.25
977,757,Undirected,1537,,,0.25
977,69,Undirected,1538,,,0.25
977,72,Undirected,1539,,,0.25
979,978,Undirected,1540,,,1
981,980,Undirected,1541,,,0.5
982,980,Undirected,1542,,,0.5
982,981,Undirected,1543,,,0.5
984,983,Undirected,1544,,,1
984,473,Undirected,1545,,,2.16667
984,472,Undirected,1546,,,0.333333
985,983,Undirected,1547,,,0.5
985,984,Undirected,1548,,,0.833333
985,473,Undirected,1549,,,0.333333
986,983,Undirected,1550,,,0.5
986,984,Undirected,1551,,,0.5
988,987,Undirected,1552,,,1
989,973,Undirected,1553,,,1
991,88,Undirected,1554,,,2
993,992,Undirected,1555,,,1
995,994,Undirected,1556,,,0.25
996,994,Undirected,1557,,,0.25
996,995,Undirected,1558,,,0.25
997,994,Undirected,1559,,,0.25
997,995,Undirected,1560,,,0.25
997,996,Undirected,1561,,,0.25
998,994,Undirected,1562,,,0.25
998,995,Undirected,1563,,,0.25
998,996,Undirected,1564,,,0.25
998,997,Undirected,1565,,,0.25
1000,999,Undirected,1566,,,1
1000,913,Undirected,1567,,,0.142857
1000,916,Undirected,1568,,,0.142857
1000,255,Undirected,1569,,,0.5
1000,254,Undirected,1570,,,0.5
1002,973,Undirected,1571,,,0.833333
1003,1002,Undirected,1572,,,0.833333
1003,973,Undirected,1573,,,0.833333
1004,1002,Undirected,1574,,,0.333333
1004,1003,Undirected,1575,,,0.333333
1004,973,Undirected,1576,,,0.333333
1005,78,Undirected,1577,,,1
1007,1006,Undirected,1578,,,1
1008,51,Undirected,1579,,,0.5
1008,33,Undirected,1580,,,0.5
1010,1009,Undirected,1581,,,1
1012,1011,Undirected,1582,,,1
1014,1013,Undirected,1583,,,1
1016,62,Undirected,1584,,,1.33333
1016,806,Undirected,1585,,,0.333333
1018,1017,Undirected,1586,,,1.2
1021,127,Undirected,1587,,,0.25
1021,128,Undirected,1588,,,0.75
1022,127,Undirected,1589,,,0.25
1022,128,Undirected,1590,,,0.25
1022,1021,Undirected,1591,,,0.25
1023,127,Undirected,1592,,,0.25
1023,128,Undirected,1593,,,1.75
1023,1021,Undirected,1594,,,0.75
1023,1022,Undirected,1595,,,0.25
1024,53,Undirected,1596,,,0.5
1025,1024,Undirected,1597,,,0.5
1025,53,Undirected,1598,,,0.5
1026,303,Undirected,1599,,,0.333333
1027,1026,Undirected,1600,,,1
1028,746,Undirected,1601,,,0.333333
1028,294,Undirected,1602,,,0.333333
1029,1028,Undirected,1603,,,0.333333
1029,746,Undirected,1604,,,0.333333
1029,294,Undirected,1605,,,0.333333
1030,550,Undirected,1606,,,0.5
1030,121,Undirected,1607,,,0.5
1032,1031,Undirected,1608,,,1
1034,1033,Undirected,1609,,,1
1036,1035,Undirected,1610,,,1
1037,1035,Undirected,1611,,,0.5
1038,1035,Undirected,1612,,,0.5
1038,1037,Undirected,1613,,,0.5
1039,308,Undirected,1614,,,0.5
1040,1039,Undirected,1615,,,0.5
1040,308,Undirected,1616,,,1.5
1041,224,Undirected,1617,,,0.333333
1041,218,Undirected,1618,,,0.333333
1041,216,Undirected,1619,,,0.333333
1043,1042,Undirected,1620,,,0.5
1044,1042,Undirected,1621,,,0.5
1044,1043,Undirected,1622,,,0.5
1045,1010,Undirected,1623,,,1
1046,482,Undirected,1624,,,1
1047,12,Undirected,1625,,,0.25
1048,1047,Undirected,1626,,,0.25
1048,12,Undirected,1627,,,0.25
1049,1047,Undirected,1628,,,0.25
1049,1048,Undirected,1629,,,0.25
1049,12,Undirected,1630,,,0.25
1050,1047,Undirected,1631,,,0.25
1050,1048,Undirected,1632,,,0.25
1050,1049,Undirected,1633,,,0.25
1050,12,Undirected,1634,,,0.25
1053,1052,Undirected,1635,,,1
1055,1054,Undirected,1636,,,1
1056,1054,Undirected,1637,,,0.333333
1057,1054,Undirected,1638,,,0.333333
1057,1056,Undirected,1639,,,0.333333
1058,1054,Undirected,1640,,,0.333333
1058,1056,Undirected,1641,,,0.333333
1058,1057,Undirected,1642,,,0.333333
1061,1060,Undirected,1643,,,0.111111
1062,1060,Undirected,1644,,,0.111111
1062,1061,Undirected,1645,,,0.111111
1063,1060,Undirected,1646,,,0.111111
1063,1061,Undirected,1647,,,0.111111
1063,1062,Undirected,1648,,,0.111111
1064,1060,Undirected,1649,,,0.111111
1064,1061,Undirected,1650,,,0.111111
1064,1062,Undirected,1651,,,0.111111
1064,1063,Undirected,1652,,,0.111111
1065,1060,Undirected,1653,,,0.111111
1065,1061,Undirected,1654,,,0.111111
1065,1062,Undirected,1655,,,0.111111
1065,1063,Undirected,1656,,,0.111111
1065,1064,Undirected,1657,,,0.111111
1066,1060,Undirected,1658,,,0.111111
1066,1061,Undirected,1659,,,0.111111
1066,1062,Undirected,1660,,,0.111111
1066,1063,Undirected,1661,,,0.111111
1066,1064,Undirected,1662,,,0.111111
1066,1065,Undirected,1663,,,0.111111
1067,1060,Undirected,1664,,,0.111111
1067,1061,Undirected,1665,,,0.111111
1067,1062,Undirected,1666,,,0.111111
1067,1063,Undirected,1667,,,0.111111
1067,1064,Undirected,1668,,,0.111111
1067,1065,Undirected,1669,,,0.111111
1067,1066,Undirected,1670,,,0.111111
1068,1060,Undirected,1671,,,0.111111
1068,1061,Undirected,1672,,,0.111111
1068,1062,Undirected,1673,,,0.111111
1068,1063,Undirected,1674,,,0.111111
1068,1064,Undirected,1675,,,0.111111
1068,1065,Undirected,1676,,,0.111111
1068,1066,Undirected,1677,,,0.111111
1068,1067,Undirected,1678,,,0.111111
1069,1060,Undirected,1679,,,0.111111
1069,1061,Undirected,1680,,,0.111111
1069,1062,Undirected,1681,,,0.111111
1069,1063,Undirected,1682,,,0.111111
1069,1064,Undirected,1683,,,0.111111
1069,1065,Undirected,1684,,,0.111111
1069,1066,Undirected,1685,,,0.111111
1069,1067,Undirected,1686,,,0.111111
1069,1068,Undirected,1687,,,0.111111
1070,806,Undirected,1688,,,0.142857
1070,805,Undirected,1689,,,0.142857
1070,807,Undirected,1690,,,0.142857
1070,62,Undirected,1691,,,0.142857
1071,806,Undirected,1692,,,0.67619
1071,805,Undirected,1693,,,0.342857
1071,807,Undirected,1694,,,0.342857
1071,1070,Undirected,1695,,,0.142857
1071,62,Undirected,1696,,,0.67619
1071,362,Undirected,1697,,,0.2
1071,1016,Undirected,1698,,,0.333333
1072,806,Undirected,1699,,,0.142857
1072,805,Undirected,1700,,,0.142857
1072,807,Undirected,1701,,,0.142857
1072,1070,Undirected,1702,,,0.142857
1072,1071,Undirected,1703,,,0.142857
1072,62,Undirected,1704,,,0.142857
1073,806,Undirected,1705,,,0.142857
1073,805,Undirected,1706,,,0.142857
1073,807,Undirected,1707,,,0.142857
1073,1070,Undirected,1708,,,0.142857
1073,1071,Undirected,1709,,,0.142857
1073,1072,Undirected,1710,,,0.142857
1073,62,Undirected,1711,,,0.142857
1074,227,Undirected,1712,,,1
1079,1078,Undirected,1713,,,1
1081,281,Undirected,1714,,,2
1082,69,Undirected,1715,,,0.5
1083,1082,Undirected,1716,,,0.5
1083,69,Undirected,1717,,,0.5
1084,0,Undirected,1718,,,0.5
1084,1,Undirected,1719,,,0.5
1086,516,Undirected,1720,,,0.5
1087,516,Undirected,1721,,,2.5
1087,1086,Undirected,1722,,,0.5
1088,516,Undirected,1723,,,1
1088,1087,Undirected,1724,,,0.5
1088,151,Undirected,1725,,,0.5
1089,516,Undirected,1726,,,0.5
1089,1087,Undirected,1727,,,0.5
1091,473,Undirected,1728,,,0.333333
1091,472,Undirected,1729,,,0.333333
1091,984,Undirected,1730,,,0.333333
1092,473,Undirected,1731,,,0.833333
1092,984,Undirected,1732,,,0.833333
1092,985,Undirected,1733,,,0.333333
1094,1093,Undirected,1734,,,0.333333
1095,1093,Undirected,1735,,,0.333333
1095,1094,Undirected,1736,,,0.333333
1096,1093,Undirected,1737,,,0.333333
1096,1094,Undirected,1738,,,0.333333
1096,1095,Undirected,1739,,,0.333333
1098,1097,Undirected,1740,,,0.5
1099,1097,Undirected,1741,,,0.5
1099,1098,Undirected,1742,,,0.5
1102,1101,Undirected,1743,,,0.5
1103,1101,Undirected,1744,,,0.5
1103,1102,Undirected,1745,,,0.5
1106,1105,Undirected,1746,,,0.125
1107,1105,Undirected,1747,,,0.125
1107,1106,Undirected,1748,,,0.125
1108,1105,Undirected,1749,,,0.125
1108,1106,Undirected,1750,,,0.125
1108,1107,Undirected,1751,,,0.125
1109,1105,Undirected,1752,,,0.125
1109,1106,Undirected,1753,,,0.125
1109,1107,Undirected,1754,,,0.125
1109,1108,Undirected,1755,,,0.125
1110,1105,Undirected,1756,,,0.125
1110,1106,Undirected,1757,,,0.125
1110,1107,Undirected,1758,,,0.125
1110,1108,Undirected,1759,,,0.125
1110,1109,Undirected,1760,,,0.125
1111,1105,Undirected,1761,,,0.125
1111,1106,Undirected,1762,,,0.125
1111,1107,Undirected,1763,,,0.125
1111,1108,Undirected,1764,,,0.125
1111,1109,Undirected,1765,,,0.125
1111,1110,Undirected,1766,,,0.125
1112,1105,Undirected,1767,,,0.125
1112,1106,Undirected,1768,,,0.125
1112,1107,Undirected,1769,,,0.125
1112,1108,Undirected,1770,,,0.125
1112,1109,Undirected,1771,,,0.125
1112,1110,Undirected,1772,,,0.125
1112,1111,Undirected,1773,,,0.125
1113,1105,Undirected,1774,,,0.125
1113,1106,Undirected,1775,,,0.125
1113,1107,Undirected,1776,,,0.125
1113,1108,Undirected,1777,,,0.125
1113,1109,Undirected,1778,,,0.125
1113,1110,Undirected,1779,,,0.125
1113,1111,Undirected,1780,,,0.125
1113,1112,Undirected,1781,,,0.125
1115,1114,Undirected,1782,,,1
1117,1116,Undirected,1783,,,0.25
1118,1116,Undirected,1784,,,0.25
1118,1117,Undirected,1785,,,0.25
1119,1116,Undirected,1786,,,0.25
1119,1117,Undirected,1787,,,0.25
1119,1118,Undirected,1788,,,0.25
1120,1116,Undirected,1789,,,0.25
1120,1117,Undirected,1790,,,0.25
1120,1118,Undirected,1791,,,0.25
1120,1119,Undirected,1792,,,0.25
1121,78,Undirected,1793,,,0.5
1122,78,Undirected,1794,,,0.5
1122,1121,Undirected,1795,,,0.5
1123,78,Undirected,1796,,,0.5
1123,756,Undirected,1797,,,0.5
1124,247,Undirected,1798,,,0.333333
1124,415,Undirected,1799,,,0.333333
1125,1124,Undirected,1800,,,0.333333
1125,247,Undirected,1801,,,0.333333
1125,415,Undirected,1802,,,0.333333
1128,1127,Undirected,1803,,,1
1129,976,Undirected,1804,,,1
1130,657,Undirected,1805,,,0.333333
1130,774,Undirected,1806,,,0.333333
1130,654,Undirected,1807,,,0.833333
1130,34,Undirected,1808,,,0.5
1132,1131,Undirected,1809,,,1
1134,1133,Undirected,1810,,,1
1135,956,Undirected,1811,,,0.583333
1135,194,Undirected,1812,,,0.583333
1136,1135,Undirected,1813,,,0.25
1136,956,Undirected,1814,,,0.25
1136,194,Undirected,1815,,,0.25
1137,1135,Undirected,1816,,,0.25
1137,1136,Undirected,1817,,,0.25
1137,956,Undirected,1818,,,0.25
1137,194,Undirected,1819,,,0.25
1138,1135,Undirected,1820,,,0.333333
1138,194,Undirected,1821,,,0.333333
1138,956,Undirected,1822,,,0.333333
1140,1139,Undirected,1823,,,1
1142,1141,Undirected,1824,,,1
1145,221,Undirected,1825,,,0.333333
1145,343,Undirected,1826,,,1.47619
1145,219,Undirected,1827,,,2.14286
1145,697,Undirected,1828,,,0.142857
1147,1146,Undirected,1829,,,0.25
1148,1146,Undirected,1830,,,0.25
1148,1147,Undirected,1831,,,0.25
1149,1146,Undirected,1832,,,0.25
1149,1147,Undirected,1833,,,0.25
1149,1148,Undirected,1834,,,0.25
1150,1146,Undirected,1835,,,0.25
1150,1147,Undirected,1836,,,0.25
1150,1148,Undirected,1837,,,0.25
1150,1149,Undirected,1838,,,0.25
1153,1152,Undirected,1839,,,0.125
1154,1152,Undirected,1840,,,0.125
1154,1153,Undirected,1841,,,0.125
1155,1152,Undirected,1842,,,0.125
1155,1153,Undirected,1843,,,0.125
1155,1154,Undirected,1844,,,0.125
1156,1152,Undirected,1845,,,0.125
1156,1153,Undirected,1846,,,0.125
1156,1154,Undirected,1847,,,0.125
1156,1155,Undirected,1848,,,0.125
1157,1152,Undirected,1849,,,0.125
1157,1153,Undirected,1850,,,0.125
1157,1154,Undirected,1851,,,0.125
1157,1155,Undirected,1852,,,0.125
1157,1156,Undirected,1853,,,0.125
1158,1152,Undirected,1854,,,0.125
1158,1153,Undirected,1855,,,0.125
1158,1154,Undirected,1856,,,0.125
1158,1155,Undirected,1857,,,0.125
1158,1156,Undirected,1858,,,0.125
1158,1157,Undirected,1859,,,0.125
1159,1152,Undirected,1860,,,0.125
1159,1153,Undirected,1861,,,0.125
1159,1154,Undirected,1862,,,0.125
1159,1155,Undirected,1863,,,0.125
1159,1156,Undirected,1864,,,0.125
1159,1157,Undirected,1865,,,0.125
1159,1158,Undirected,1866,,,0.125
1160,1152,Undirected,1867,,,0.125
1160,1153,Undirected,1868,,,0.125
1160,1154,Undirected,1869,,,0.125
1160,1155,Undirected,1870,,,0.125
1160,1156,Undirected,1871,,,0.125
1160,1157,Undirected,1872,,,0.125
1160,1158,Undirected,1873,,,0.125
1160,1159,Undirected,1874,,,0.125
1162,114,Undirected,1875,,,0.5
1162,186,Undirected,1876,,,1.25
1163,114,Undirected,1877,,,0.5
1163,1162,Undirected,1878,,,0.5
1165,1164,Undirected,1879,,,1
1166,259,Undirected,1880,,,0.333333
1166,258,Undirected,1881,,,0.333333
1167,259,Undirected,1882,,,0.333333
1167,258,Undirected,1883,,,0.333333
1167,1166,Undirected,1884,,,0.333333
1169,1168,Undirected,1885,,,1
1170,820,Undirected,1886,,,1
1172,78,Undirected,1887,,,1
1175,931,Undirected,1888,,,0.5
1176,1175,Undirected,1889,,,0.5
1176,931,Undirected,1890,,,0.5
1177,150,Undirected,1891,,,0.5
1177,96,Undirected,1892,,,0.5
1178,150,Undirected,1893,,,0.833333
1178,281,Undirected,1894,,,0.833333
1180,589,Undirected,1895,,,0.25
1180,590,Undirected,1896,,,0.25
1180,591,Undirected,1897,,,0.25
1181,1180,Undirected,1898,,,0.25
1181,589,Undirected,1899,,,0.25
1181,590,Undirected,1900,,,0.25
1181,591,Undirected,1901,,,0.25
1182,302,Undirected,1902,,,1
1185,1184,Undirected,1903,,,0.5
1186,1184,Undirected,1904,,,0.5
1186,1185,Undirected,1905,,,0.5
1189,327,Undirected,1906,,,0.5
1189,328,Undirected,1907,,,0.5
1190,54,Undirected,1908,,,0.2
1190,34,Undirected,1909,,,0.2
1190,840,Undirected,1910,,,0.2
1190,33,Undirected,1911,,,0.2
1191,1190,Undirected,1912,,,0.2
1191,54,Undirected,1913,,,0.2
1191,34,Undirected,1914,,,0.2
1191,840,Undirected,1915,,,0.2
1191,33,Undirected,1916,,,0.2
1194,1193,Undirected,1917,,,1
1195,78,Undirected,1918,,,0.333333
1196,1195,Undirected,1919,,,0.333333
1196,78,Undirected,1920,,,0.333333
1197,1195,Undirected,1921,,,0.333333
1197,1196,Undirected,1922,,,0.333333
1197,78,Undirected,1923,,,0.333333
1199,1198,Undirected,1924,,,0.5
1200,1198,Undirected,1925,,,0.5
1200,1199,Undirected,1926,,,0.5
1201,913,Undirected,1927,,,0.785714
1201,916,Undirected,1928,,,1.11905
1201,1000,Undirected,1929,,,0.142857
1201,914,Undirected,1930,,,0.142857
1201,915,Undirected,1931,,,0.142857
1202,913,Undirected,1932,,,0.142857
1202,916,Undirected,1933,,,0.142857
1202,1201,Undirected,1934,,,0.142857
1202,1000,Undirected,1935,,,0.142857
1203,913,Undirected,1936,,,0.142857
1203,916,Undirected,1937,,,0.142857
1203,1201,Undirected,1938,,,0.142857
1203,1202,Undirected,1939,,,0.142857
1203,1000,Undirected,1940,,,0.142857
1204,913,Undirected,1941,,,0.142857
1204,916,Undirected,1942,,,0.142857
1204,1201,Undirected,1943,,,0.142857
1204,1202,Undirected,1944,,,0.142857
1204,1203,Undirected,1945,,,0.142857
1204,1000,Undirected,1946,,,0.142857
1205,913,Undirected,1947,,,0.142857
1205,916,Undirected,1948,,,0.142857
1205,1201,Undirected,1949,,,0.142857
1205,1202,Undirected,1950,,,0.142857
1205,1203,Undirected,1951,,,0.142857
1205,1204,Undirected,1952,,,0.142857
1205,1000,Undirected,1953,,,0.142857
1206,913,Undirected,1954,,,0.142857
1206,916,Undirected,1955,,,0.142857
1206,1201,Undirected,1956,,,0.142857
1206,914,Undirected,1957,,,0.142857
1206,915,Undirected,1958,,,0.142857
1207,913,Undirected,1959,,,0.142857
1207,1206,Undirected,1960,,,0.142857
1207,916,Undirected,1961,,,0.142857
1207,1201,Undirected,1962,,,0.142857
1207,914,Undirected,1963,,,0.142857
1207,915,Undirected,1964,,,0.142857
1208,913,Undirected,1965,,,0.142857
1208,1206,Undirected,1966,,,0.142857
1208,916,Undirected,1967,,,0.142857
1208,1201,Undirected,1968,,,0.142857
1208,914,Undirected,1969,,,0.142857
1208,1207,Undirected,1970,,,0.142857
1208,915,Undirected,1971,,,0.142857
1210,1209,Undirected,1972,,,0.333333
1211,1209,Undirected,1973,,,0.333333
1211,1210,Undirected,1974,,,0.333333
1212,1209,Undirected,1975,,,0.333333
1212,1210,Undirected,1976,,,0.333333
1212,1211,Undirected,1977,,,0.333333
1214,330,Undirected,1978,,,0.25
1215,1214,Undirected,1979,,,0.25
1215,330,Undirected,1980,,,0.25
1216,1214,Undirected,1981,,,0.25
1216,330,Undirected,1982,,,0.25
1216,1215,Undirected,1983,,,0.25
1217,1214,Undirected,1984,,,0.25
1217,330,Undirected,1985,,,0.25
1217,1215,Undirected,1986,,,0.25
1217,1216,Undirected,1987,,,0.25
1219,1218,Undirected,1988,,,1
1221,500,Undirected,1989,,,0.5
1221,150,Undirected,1990,,,0.5
1223,1222,Undirected,1991,,,0.5
1224,1222,Undirected,1992,,,0.5
1224,1223,Undirected,1993,,,0.5
1226,1225,Undirected,1994,,,1
1227,1225,Undirected,1995,,,1
1228,132,Undirected,1996,,,0.25
1228,54,Undirected,1997,,,0.25
1228,33,Undirected,1998,,,0.25
1229,132,Undirected,1999,,,0.25
1229,1228,Undirected,2000,,,0.25
1229,54,Undirected,2001,,,0.25
1229,33,Undirected,2002,,,0.25
1230,244,Undirected,2003,,,1
1232,1231,Undirected,2004,,,1
1233,415,Undirected,2005,,,0.5
1234,1233,Undirected,2006,,,0.5
1234,415,Undirected,2007,,,0.5
1235,481,Undirected,2008,,,0.5
1236,1235,Undirected,2009,,,0.5
1236,481,Undirected,2010,,,0.5
1238,1237,Undirected,2011,,,1
1239,547,Undirected,2012,,,1
1241,1240,Undirected,2013,,,1
1243,1242,Undirected,2014,,,1
1244,482,Undirected,2015,,,0.25
1245,1244,Undirected,2016,,,0.25
1245,482,Undirected,2017,,,0.25
1246,1244,Undirected,2018,,,0.25
1246,1245,Undirected,2019,,,0.25
1246,482,Undirected,2020,,,0.25
1247,1244,Undirected,2021,,,0.25
1247,1245,Undirected,2022,,,0.25
1247,1246,Undirected,2023,,,0.25
1247,482,Undirected,2024,,,0.25
1249,1248,Undirected,2025,,,1
1250,481,Undirected,2026,,,0.5
1251,1250,Undirected,2027,,,0.5
1251,481,Undirected,2028,,,0.5
1253,1252,Undirected,2029,,,0.5
1254,1252,Undirected,2030,,,1.5
1254,1253,Undirected,2031,,,0.5
1255,764,Undirected,2032,,,0.833333
1255,765,Undirected,2033,,,0.333333
1255,121,Undirected,2034,,,0.833333
1256,1201,Undirected,2035,,,0.333333
1256,916,Undirected,2036,,,0.333333
1257,1201,Undirected,2037,,,0.333333
1257,1256,Undirected,2038,,,0.333333
1257,916,Undirected,2039,,,0.333333
1259,1258,Undirected,2040,,,1
1261,1260,Undirected,2041,,,0.5
1262,1260,Undirected,2042,,,0.5
1262,1261,Undirected,2043,,,0.5
1263,375,Undirected,2044,,,0.333333
1263,376,Undirected,2045,,,0.333333
1263,377,Undirected,2046,,,0.333333
1265,1264,Undirected,2047,,,0.333333
1266,1264,Undirected,2048,,,0.333333
1266,1265,Undirected,2049,,,0.333333
1267,1264,Undirected,2050,,,0.333333
1267,1265,Undirected,2051,,,0.333333
1267,1266,Undirected,2052,,,0.333333
1268,872,Undirected,2053,,,1
1270,320,Undirected,2054,,,0.5
1270,321,Undirected,2055,,,0.5
1271,947,Undirected,2056,,,0.5
1272,1271,Undirected,2057,,,0.5
1272,947,Undirected,2058,,,0.5
1273,843,Undirected,2059,,,0.75
1274,1273,Undirected,2060,,,0.75
1274,843,Undirected,2061,,,0.75
1275,1273,Undirected,2062,,,0.25
1275,1274,Undirected,2063,,,0.25
1275,843,Undirected,2064,,,0.25
1276,1273,Undirected,2065,,,0.25
1276,1274,Undirected,2066,,,0.25
1276,843,Undirected,2067,,,0.25
1276,1275,Undirected,2068,,,0.25
1278,744,Undirected,2069,,,0.7
1278,294,Undirected,2070,,,0.7
1278,743,Undirected,2071,,,0.2
1278,742,Undirected,2072,,,0.2
1278,293,Undirected,2073,,,0.2
1279,744,Undirected,2074,,,0.333333
1280,744,Undirected,2075,,,0.333333
1280,1279,Undirected,2076,,,0.333333
1281,744,Undirected,2077,,,0.333333
1281,1279,Undirected,2078,,,0.333333
1281,1280,Undirected,2079,,,0.333333
1282,1145,Undirected,2080,,,0.333333
1282,219,Undirected,2081,,,0.333333
1283,1282,Undirected,2082,,,0.333333
1283,1145,Undirected,2083,,,0.333333
1283,219,Undirected,2084,,,0.333333
1287,1286,Undirected,2085,,,0.25
1288,1286,Undirected,2086,,,0.25
1288,1287,Undirected,2087,,,0.25
1289,1286,Undirected,2088,,,0.25
1289,1287,Undirected,2089,,,0.25
1289,1288,Undirected,2090,,,0.25
1290,1286,Undirected,2091,,,0.25
1290,1287,Undirected,2092,,,0.25
1290,1288,Undirected,2093,,,0.25
1290,1289,Undirected,2094,,,0.25
1293,1292,Undirected,2095,,,0.5
1294,1292,Undirected,2096,,,0.5
1294,1293,Undirected,2097,,,0.5
1295,375,Undirected,2098,,,0.25
1295,376,Undirected,2099,,,0.25
1295,33,Undirected,2100,,,0.25
1295,377,Undirected,2101,,,0.25
1299,1298,Undirected,2102,,,1
1303,1018,Undirected,2103,,,0.5
1304,1018,Undirected,2104,,,0.5
1304,1303,Undirected,2105,,,0.5
1305,1018,Undirected,2106,,,1
1306,1018,Undirected,2107,,,0.2
1306,1017,Undirected,2108,,,0.2
1307,1018,Undirected,2109,,,0.2
1307,1306,Undirected,2110,,,0.2
1307,1017,Undirected,2111,,,0.2
1308,1018,Undirected,2112,,,0.2
1308,1306,Undirected,2113,,,0.2
1308,1307,Undirected,2114,,,0.2
1308,1017,Undirected,2115,,,0.2
1309,1018,Undirected,2116,,,0.2
1309,1306,Undirected,2117,,,0.2
1309,1307,Undirected,2118,,,0.2
1309,1308,Undirected,2119,,,0.2
1309,1017,Undirected,2120,,,0.2
1311,1310,Undirected,2121,,,1
1313,1312,Undirected,2122,,,0.25
1314,1312,Undirected,2123,,,0.25
1314,1313,Undirected,2124,,,0.25
1315,1312,Undirected,2125,,,0.25
1315,1313,Undirected,2126,,,0.25
1315,1314,Undirected,2127,,,0.25
1315,53,Undirected,2128,,,0.25
1316,1312,Undirected,2129,,,0.25
1316,1313,Undirected,2130,,,0.25
1316,1314,Undirected,2131,,,0.25
1316,1315,Undirected,2132,,,0.25
1318,900,Undirected,2133,,,1
1321,1320,Undirected,2134,,,1
1322,524,Undirected,2135,,,1
1324,1323,Undirected,2136,,,0.5
1325,1323,Undirected,2137,,,0.5
1325,1324,Undirected,2138,,,0.5
1327,1326,Undirected,2139,,,1
1329,1328,Undirected,2140,,,1
1332,1331,Undirected,2141,,,0.5
1333,1331,Undirected,2142,,,0.5
1333,1332,Undirected,2143,,,0.5
1336,1335,Undirected,2144,,,0.333333
1337,1335,Undirected,2145,,,0.333333
1337,1336,Undirected,2146,,,0.333333
1338,1335,Undirected,2147,,,0.333333
1338,1336,Undirected,2148,,,0.333333
1338,1337,Undirected,2149,,,0.333333
1339,882,Undirected,2150,,,1
1341,517,Undirected,2151,,,1
1342,281,Undirected,2152,,,0.333333
1342,150,Undirected,2153,,,0.333333
1342,1178,Undirected,2154,,,0.333333
1343,281,Undirected,2155,,,0.5
1344,281,Undirected,2156,,,0.5
1344,1343,Undirected,2157,,,0.5
1345,1225,Undirected,2158,,,1
1346,721,Undirected,2159,,,1
1347,377,Undirected,2160,,,0.5
1348,1347,Undirected,2161,,,0.5
1348,377,Undirected,2162,,,0.5
1349,362,Undirected,2163,,,0.25
1350,1349,Undirected,2164,,,0.25
1350,362,Undirected,2165,,,0.25
1351,1349,Undirected,2166,,,0.25
1351,1350,Undirected,2167,,,0.25
1351,362,Undirected,2168,,,0.25
1352,1349,Undirected,2169,,,0.25
1352,1350,Undirected,2170,,,0.25
1352,1351,Undirected,2171,,,0.25
1352,362,Undirected,2172,,,0.25
1355,1354,Undirected,2173,,,1
1356,523,Undirected,2174,,,0.333333
1356,746,Undirected,2175,,,0.333333
1356,742,Undirected,2176,,,0.333333
1356,931,Undirected,2177,,,1
1357,1356,Undirected,2178,,,1
1357,1107,Undirected,2179,,,0.333333
1358,1356,Undirected,2180,,,1
1358,1357,Undirected,2181,,,2.33333
1358,1107,Undirected,2182,,,0.333333
1359,1356,Undirected,2183,,,1
1361,46,Undirected,2184,,,1.33333
1361,428,Undirected,2185,,,0.333333
1362,46,Undirected,2186,,,0.333333
1362,1361,Undirected,2187,,,0.333333
1362,428,Undirected,2188,,,0.333333
1363,46,Undirected,2189,,,1
1364,1286,Undirected,2190,,,0.25
1365,1364,Undirected,2191,,,0.25
1365,1286,Undirected,2192,,,0.25
1366,1364,Undirected,2193,,,0.25
1366,1365,Undirected,2194,,,0.25
1366,1286,Undirected,2195,,,0.25
1367,1364,Undirected,2196,,,0.25
1367,1365,Undirected,2197,,,0.25
1367,1366,Undirected,2198,,,0.25
1367,1286,Undirected,2199,,,0.25
1368,932,Undirected,2200,,,0.2
1368,293,Undirected,2201,,,0.2
1368,294,Undirected,2202,,,0.2
1368,931,Undirected,2203,,,0.2
1369,932,Undirected,2204,,,0.2
1369,1368,Undirected,2205,,,0.2
1369,293,Undirected,2206,,,0.2
1369,294,Undirected,2207,,,0.2
1369,931,Undirected,2208,,,0.2
1371,1370,Undirected,2209,,,1
1373,1372,Undirected,2210,,,1
1375,1374,Undirected,2211,,,0.5
1376,1374,Undirected,2212,,,0.5
1376,1375,Undirected,2213,,,0.5
1377,1294,Undirected,2214,,,0.5
1378,1377,Undirected,2215,,,0.5
1378,1294,Undirected,2216,,,0.5
1381,522,Undirected,2217,,,0.5
1381,76,Undirected,2218,,,0.5
1384,194,Undirected,2219,,,0.5
1385,1384,Undirected,2220,,,0.5
1385,194,Undirected,2221,,,0.5
1387,1386,Undirected,2222,,,1
1389,329,Undirected,2223,,,1.5
1389,547,Undirected,2224,,,0.5
1391,1390,Undirected,2225,,,0.5
1392,1390,Undirected,2226,,,0.5
1392,1391,Undirected,2227,,,0.5
1394,1145,Undirected,2228,,,0.142857
1394,219,Undirected,2229,,,0.142857
1394,343,Undirected,2230,,,0.142857
1394,697,Undirected,2231,,,0.142857
1395,1394,Undirected,2232,,,0.142857
1395,1145,Undirected,2233,,,0.142857
1395,219,Undirected,2234,,,0.142857
1395,343,Undirected,2235,,,0.142857
1395,697,Undirected,2236,,,0.142857
1396,1394,Undirected,2237,,,0.142857
1396,1145,Undirected,2238,,,0.142857
1396,1395,Undirected,2239,,,0.142857
1396,219,Undirected,2240,,,0.142857
1396,343,Undirected,2241,,,0.142857
1396,697,Undirected,2242,,,0.142857
1397,1394,Undirected,2243,,,0.142857
1397,1145,Undirected,2244,,,0.142857
1397,1395,Undirected,2245,,,0.142857
1397,219,Undirected,2246,,,0.142857
1397,343,Undirected,2247,,,0.142857
1397,1396,Undirected,2248,,,0.142857
1397,697,Undirected,2249,,,0.142857
1398,314,Undirected,2250,,,1
1400,1399,Undirected,2251,,,0.25
1401,1399,Undirected,2252,,,0.25
1401,1400,Undirected,2253,,,0.25
1402,1399,Undirected,2254,,,0.25
1402,1400,Undirected,2255,,,0.25
1402,1401,Undirected,2256,,,0.25
1403,1399,Undirected,2257,,,0.25
1403,1400,Undirected,2258,,,0.25
1403,1401,Undirected,2259,,,0.25
1403,1402,Undirected,2260,,,0.25
1404,327,Undirected,2261,,,0.166667
1404,416,Undirected,2262,,,0.166667
1405,1404,Undirected,2263,,,0.166667
1405,327,Undirected,2264,,,0.166667
1405,416,Undirected,2265,,,0.166667
1406,1404,Undirected,2266,,,0.166667
1406,1405,Undirected,2267,,,0.166667
1406,327,Undirected,2268,,,0.166667
1406,416,Undirected,2269,,,0.166667
1407,1404,Undirected,2270,,,0.166667
1407,1405,Undirected,2271,,,0.166667
1407,327,Undirected,2272,,,0.166667
1407,1406,Undirected,2273,,,0.166667
1407,416,Undirected,2274,,,0.166667
1408,1404,Undirected,2275,,,0.166667
1408,1405,Undirected,2276,,,0.166667
1408,327,Undirected,2277,,,0.166667
1408,1406,Undirected,2278,,,0.166667
1408,416,Undirected,2279,,,0.166667
1408,1407,Undirected,2280,,,0.166667
1409,496,Undirected,2281,,,0.5
1410,1409,Undirected,2282,,,0.5
1410,496,Undirected,2283,,,0.5
1411,1357,Undirected,2284,,,0.333333
1411,1107,Undirected,2285,,,0.333333
1411,1358,Undirected,2286,,,0.333333
1412,1060,Undirected,2287,,,1
1413,186,Undirected,2288,,,0.25
1413,1162,Undirected,2289,,,0.25
1414,186,Undirected,2290,,,0.25
1414,1413,Undirected,2291,,,0.25
1414,1162,Undirected,2292,,,0.25
1415,186,Undirected,2293,,,0.25
1415,1413,Undirected,2294,,,0.25
1415,1162,Undirected,2295,,,0.25
1415,1414,Undirected,2296,,,0.25
1416,303,Undirected,2297,,,0.333333
1416,1026,Undirected,2298,,,0.333333
1417,1416,Undirected,2299,,,0.333333
1417,303,Undirected,2300,,,0.333333
1417,1026,Undirected,2301,,,0.333333
1418,930,Undirected,2302,,,1
1419,1336,Undirected,2303,,,1
1421,1420,Undirected,2304,,,0.333333
1422,1420,Undirected,2305,,,0.333333
1422,1421,Undirected,2306,,,0.333333
1423,1420,Undirected,2307,,,0.333333
1423,1421,Undirected,2308,,,0.333333
1423,1422,Undirected,2309,,,0.333333
1424,9,Undirected,2310,,,0.5
1425,1424,Undirected,2311,,,0.5
1425,9,Undirected,2312,,,1.5
1427,1426,Undirected,2313,,,0.5
1428,1426,Undirected,2314,,,0.5
1428,1427,Undirected,2315,,,0.5
1429,645,Undirected,2316,,,0.052632
1430,1429,Undirected,2317,,,0.385965
1430,645,Undirected,2318,,,0.052632
1431,1429,Undirected,2319,,,0.385965
1431,645,Undirected,2320,,,0.052632
1431,1430,Undirected,2321,,,0.385965
1432,1429,Undirected,2322,,,0.052632
1432,645,Undirected,2323,,,0.052632
1432,1430,Undirected,2324,,,0.052632
1432,1431,Undirected,2325,,,0.052632
1433,1429,Undirected,2326,,,0.052632
1433,645,Undirected,2327,,,0.052632
1433,1430,Undirected,2328,,,0.052632
1433,1431,Undirected,2329,,,0.052632
1433,1432,Undirected,2330,,,0.052632
1434,1429,Undirected,2331,,,0.052632
1434,645,Undirected,2332,,,0.052632
1434,1430,Undirected,2333,,,0.052632
1434,1431,Undirected,2334,,,0.052632
1434,1432,Undirected,2335,,,0.052632
1434,1433,Undirected,2336,,,0.052632
1435,1429,Undirected,2337,,,0.052632
1435,645,Undirected,2338,,,0.052632
1435,1430,Undirected,2339,,,0.052632
1435,1431,Undirected,2340,,,0.052632
1435,1432,Undirected,2341,,,0.052632
1435,1433,Undirected,2342,,,0.052632
1435,1434,Undirected,2343,,,0.052632
1436,1429,Undirected,2344,,,0.052632
1436,645,Undirected,2345,,,0.052632
1436,1430,Undirected,2346,,,0.052632
1436,1431,Undirected,2347,,,0.052632
1436,1432,Undirected,2348,,,0.052632
1436,1433,Undirected,2349,,,0.052632
1436,1434,Undirected,2350,,,0.052632
1436,1435,Undirected,2351,,,0.052632
1437,1429,Undirected,2352,,,0.052632
1437,645,Undirected,2353,,,0.052632
1437,1430,Undirected,2354,,,0.052632
1437,1431,Undirected,2355,,,0.052632
1437,1432,Undirected,2356,,,0.052632
1437,1433,Undirected,2357,,,0.052632
1437,1434,Undirected,2358,,,0.052632
1437,1435,Undirected,2359,,,0.052632
1437,1436,Undirected,2360,,,0.052632
1438,1429,Undirected,2361,,,0.052632
1438,645,Undirected,2362,,,0.052632
1438,1430,Undirected,2363,,,0.052632
1438,1431,Undirected,2364,,,0.052632
1438,1432,Undirected,2365,,,0.052632
1438,1433,Undirected,2366,,,0.052632
1438,1434,Undirected,2367,,,0.052632
1438,1435,Undirected,2368,,,0.052632
1438,1436,Undirected,2369,,,0.052632
1438,1437,Undirected,2370,,,0.052632
1439,1429,Undirected,2371,,,0.052632
1439,645,Undirected,2372,,,0.052632
1439,1430,Undirected,2373,,,0.052632
1439,1431,Undirected,2374,,,0.052632
1439,1432,Undirected,2375,,,0.052632
1439,1433,Undirected,2376,,,0.052632
1439,1434,Undirected,2377,,,0.052632
1439,1435,Undirected,2378,,,0.052632
1439,1436,Undirected,2379,,,0.052632
1439,1437,Undirected,2380,,,0.052632
1439,1438,Undirected,2381,,,0.052632
1440,1429,Undirected,2382,,,0.052632
1440,645,Undirected,2383,,,0.052632
1440,1430,Undirected,2384,,,0.052632
1440,1431,Undirected,2385,,,0.052632
1440,1432,Undirected,2386,,,0.052632
1440,1433,Undirected,2387,,,0.052632
1440,1434,Undirected,2388,,,0.052632
1440,1435,Undirected,2389,,,0.052632
1440,1436,Undirected,2390,,,0.052632
1440,1437,Undirected,2391,,,0.052632
1440,1438,Undirected,2392,,,0.052632
1440,1439,Undirected,2393,,,0.052632
1441,1429,Undirected,2394,,,0.052632
1441,645,Undirected,2395,,,0.052632
1441,1430,Undirected,2396,,,0.052632
1441,1431,Undirected,2397,,,0.052632
1441,1432,Undirected,2398,,,0.052632
1441,1433,Undirected,2399,,,0.052632
1441,1434,Undirected,2400,,,0.052632
1441,1435,Undirected,2401,,,0.052632
1441,1436,Undirected,2402,,,0.052632
1441,1437,Undirected,2403,,,0.052632
1441,1438,Undirected,2404,,,0.052632
1441,1439,Undirected,2405,,,0.052632
1441,1440,Undirected,2406,,,0.052632
1442,1429,Undirected,2407,,,0.052632
1442,645,Undirected,2408,,,0.052632
1442,1430,Undirected,2409,,,0.052632
1442,1431,Undirected,2410,,,0.052632
1442,1432,Undirected,2411,,,0.052632
1442,1433,Undirected,2412,,,0.052632
1442,1434,Undirected,2413,,,0.052632
1442,1435,Undirected,2414,,,0.052632
1442,1436,Undirected,2415,,,0.052632
1442,1437,Undirected,2416,,,0.052632
1442,1438,Undirected,2417,,,0.052632
1442,1439,Undirected,2418,,,0.052632
1442,1440,Undirected,2419,,,0.052632
1442,1441,Undirected,2420,,,0.052632
1443,1429,Undirected,2421,,,0.052632
1443,645,Undirected,2422,,,0.052632
1443,1430,Undirected,2423,,,0.052632
1443,1431,Undirected,2424,,,0.052632
1443,1432,Undirected,2425,,,0.052632
1443,1433,Undirected,2426,,,0.052632
1443,1434,Undirected,2427,,,0.052632
1443,1435,Undirected,2428,,,0.052632
1443,1436,Undirected,2429,,,0.052632
1443,1437,Undirected,2430,,,0.052632
1443,1438,Undirected,2431,,,0.052632
1443,1439,Undirected,2432,,,0.052632
1443,1440,Undirected,2433,,,0.052632
1443,1441,Undirected,2434,,,0.052632
1443,1442,Undirected,2435,,,0.052632
1444,1429,Undirected,2436,,,0.052632
1444,645,Undirected,2437,,,0.052632
1444,1430,Undirected,2438,,,0.052632
1444,1431,Undirected,2439,,,0.052632
1444,1432,Undirected,2440,,,0.052632
1444,1433,Undirected,2441,,,0.052632
1444,1434,Undirected,2442,,,0.052632
1444,1435,Undirected,2443,,,0.052632
1444,1436,Undirected,2444,,,0.052632
1444,1437,Undirected,2445,,,0.052632
1444,1438,Undirected,2446,,,0.052632
1444,1439,Undirected,2447,,,0.052632
1444,1440,Undirected,2448,,,0.052632
1444,1441,Undirected,2449,,,0.052632
1444,1442,Undirected,2450,,,0.052632
1444,1443,Undirected,2451,,,0.052632
1445,1429,Undirected,2452,,,0.052632
1445,645,Undirected,2453,,,0.052632
1445,1430,Undirected,2454,,,0.052632
1445,1431,Undirected,2455,,,0.052632
1445,1432,Undirected,2456,,,0.052632
1445,1433,Undirected,2457,,,0.052632
1445,1434,Undirected,2458,,,0.052632
1445,1435,Undirected,2459,,,0.052632
1445,1436,Undirected,2460,,,0.052632
1445,1437,Undirected,2461,,,0.052632
1445,1438,Undirected,2462,,,0.052632
1445,1439,Undirected,2463,,,0.052632
1445,1440,Undirected,2464,,,0.052632
1445,1441,Undirected,2465,,,0.052632
1445,1442,Undirected,2466,,,0.052632
1445,1443,Undirected,2467,,,0.052632
1445,1444,Undirected,2468,,,0.052632
1446,1429,Undirected,2469,,,0.052632
1446,645,Undirected,2470,,,0.052632
1446,1430,Undirected,2471,,,0.052632
1446,1431,Undirected,2472,,,0.052632
1446,1432,Undirected,2473,,,0.052632
1446,1433,Undirected,2474,,,0.052632
1446,1434,Undirected,2475,,,0.052632
1446,1435,Undirected,2476,,,0.052632
1446,1436,Undirected,2477,,,0.052632
1446,1437,Undirected,2478,,,0.052632
1446,1438,Undirected,2479,,,0.052632
1446,1439,Undirected,2480,,,0.052632
1446,1440,Undirected,2481,,,0.052632
1446,1441,Undirected,2482,,,0.052632
1446,1442,Undirected,2483,,,0.052632
1446,1443,Undirected,2484,,,0.052632
1446,1444,Undirected,2485,,,0.052632
1446,1445,Undirected,2486,,,0.052632
1447,1429,Undirected,2487,,,0.052632
1447,645,Undirected,2488,,,0.052632
1447,1430,Undirected,2489,,,0.052632
1447,1431,Undirected,2490,,,0.052632
1447,1432,Undirected,2491,,,0.052632
1447,1433,Undirected,2492,,,0.052632
1447,1434,Undirected,2493,,,0.052632
1447,1435,Undirected,2494,,,0.052632
1447,1436,Undirected,2495,,,0.052632
1447,1437,Undirected,2496,,,0.052632
1447,1438,Undirected,2497,,,0.052632
1447,1439,Undirected,2498,,,0.052632
1447,1440,Undirected,2499,,,0.052632
1447,1441,Undirected,2500,,,0.052632
1447,1442,Undirected,2501,,,0.052632
1447,1443,Undirected,2502,,,0.052632
1447,1444,Undirected,2503,,,0.052632
1447,1445,Undirected,2504,,,0.052632
1447,1446,Undirected,2505,,,0.052632
1448,1429,Undirected,2506,,,0.333333
1448,1430,Undirected,2507,,,0.333333
1448,1431,Undirected,2508,,,0.333333
1450,1449,Undirected,2509,,,1
1451,283,Undirected,2510,,,0.5
1451,281,Undirected,2511,,,0.5
1452,216,Undirected,2512,,,1
1453,1360,Undirected,2513,,,1
1454,721,Undirected,2514,,,1
1455,482,Undirected,2515,,,1
1457,1456,Undirected,2516,,,0.333333
1458,1456,Undirected,2517,,,0.333333
1458,1457,Undirected,2518,,,0.333333
1459,1456,Undirected,2519,,,0.333333
1459,1457,Undirected,2520,,,0.333333
1459,1458,Undirected,2521,,,0.333333
1460,517,Undirected,2522,,,0.333333
1460,127,Undirected,2523,,,0.333333
1460,151,Undirected,2524,,,0.333333
1461,55,Undirected,2525,,,0.5
1461,56,Undirected,2526,,,0.5
1464,860,Undirected,2527,,,0.2
1464,294,Undirected,2528,,,0.2
1465,1464,Undirected,2529,,,0.2
1465,860,Undirected,2530,,,0.2
1465,294,Undirected,2531,,,0.2
1466,1464,Undirected,2532,,,0.2
1466,1465,Undirected,2533,,,0.2
1466,860,Undirected,2534,,,0.2
1466,294,Undirected,2535,,,0.2
1467,1464,Undirected,2536,,,0.2
1467,1465,Undirected,2537,,,0.2
1467,860,Undirected,2538,,,0.2
1467,1466,Undirected,2539,,,0.2
1467,294,Undirected,2540,,,0.2
1468,53,Undirected,2541,,,0.25
1468,1315,Undirected,2542,,,0.25
1469,53,Undirected,2543,,,0.25
1469,1468,Undirected,2544,,,0.25
1469,1315,Undirected,2545,,,0.25
1470,53,Undirected,2546,,,0.25
1470,1468,Undirected,2547,,,0.25
1470,1315,Undirected,2548,,,0.25
1470,1469,Undirected,2549,,,0.25
1472,1471,Undirected,2550,,,0.5
1473,1471,Undirected,2551,,,0.5
1473,1472,Undirected,2552,,,0.5
1475,1474,Undirected,2553,,,0.5
1476,1474,Undirected,2554,,,0.5
1476,1475,Undirected,2555,,,0.5
1477,207,Undirected,2556,,,0.5
1478,1477,Undirected,2557,,,0.5
1478,207,Undirected,2558,,,0.5
1480,1479,Undirected,2559,,,1
1481,96,Undirected,2560,,,0.5
1482,1481,Undirected,2561,,,0.5
1482,96,Undirected,2562,,,0.5
1484,1483,Undirected,2563,,,0.5
1485,1483,Undirected,2564,,,0.5
1485,1484,Undirected,2565,,,0.5
1487,1486,Undirected,2566,,,1
1488,1142,Undirected,2567,,,0.5
1489,1488,Undirected,2568,,,0.5
1489,1142,Undirected,2569,,,0.5
1492,1491,Undirected,2570,,,1
1493,1491,Undirected,2571,,,0.25
1494,1493,Undirected,2572,,,1
1496,1495,Undirected,2573,,,1
1497,300,Undirected,2574,,,1
1498,82,Undirected,2575,,,1
1500,239,Undirected,2576,,,0.25
1501,1500,Undirected,2577,,,0.25
1501,239,Undirected,2578,,,0.25
1502,1500,Undirected,2579,,,0.25
1502,1501,Undirected,2580,,,0.25
1502,239,Undirected,2581,,,0.25
1503,1500,Undirected,2582,,,0.25
1503,1501,Undirected,2583,,,0.25
1503,239,Undirected,2584,,,0.25
1503,1502,Undirected,2585,,,0.25
1504,1000,Undirected,2586,,,0.5
1505,1504,Undirected,2587,,,0.2
1506,1504,Undirected,2588,,,0.2
1506,1505,Undirected,2589,,,0.2
1507,1504,Undirected,2590,,,0.2
1507,1505,Undirected,2591,,,0.2
1507,1506,Undirected,2592,,,0.2
1508,1504,Undirected,2593,,,0.2
1508,1505,Undirected,2594,,,0.2
1508,1506,Undirected,2595,,,0.2
1508,1507,Undirected,2596,,,0.2
1509,1504,Undirected,2597,,,0.2
1509,1505,Undirected,2598,,,0.2
1509,1506,Undirected,2599,,,0.2
1509,1507,Undirected,2600,,,0.2
1509,1508,Undirected,2601,,,0.2
1512,1511,Undirected,2602,,,0.5
1513,1511,Undirected,2603,,,0.5
1513,1512,Undirected,2604,,,0.5
1514,1000,Undirected,2605,,,0.5
1514,1504,Undirected,2606,,,0.5
1515,1120,Undirected,2607,,,0.333333
1516,1120,Undirected,2608,,,0.333333
1516,1515,Undirected,2609,,,0.333333
1517,1120,Undirected,2610,,,0.333333
1517,1515,Undirected,2611,,,0.333333
1517,1516,Undirected,2612,,,0.333333
1518,243,Undirected,2613,,,0.25
1518,927,Undirected,2614,,,0.25
1519,1518,Undirected,2615,,,0.25
1519,243,Undirected,2616,,,0.25
1519,927,Undirected,2617,,,0.25
1520,1518,Undirected,2618,,,0.25
1520,1519,Undirected,2619,,,0.25
1520,243,Undirected,2620,,,0.25
1520,927,Undirected,2621,,,0.25
1523,1522,Undirected,2622,,,1
1526,1525,Undirected,2623,,,1
1529,54,Undirected,2624,,,0.5
1529,33,Undirected,2625,,,0.5
1531,1530,Undirected,2626,,,1
1532,9,Undirected,2627,,,1
1533,532,Undirected,2628,,,0.2
1533,531,Undirected,2629,,,0.2
1533,530,Undirected,2630,,,0.2
1534,532,Undirected,2631,,,0.2
1534,1533,Undirected,2632,,,0.2
1534,531,Undirected,2633,,,0.2
1534,530,Undirected,2634,,,0.2
1535,532,Undirected,2635,,,0.2
1535,1533,Undirected,2636,,,0.2
1535,1534,Undirected,2637,,,0.2
1535,531,Undirected,2638,,,0.2
1535,530,Undirected,2639,,,0.2
1536,843,Undirected,2640,,,1
1538,1537,Undirected,2641,,,0.5
1539,1537,Undirected,2642,,,0.5
1539,1538,Undirected,2643,,,0.5
1540,1493,Undirected,2644,,,0.25
1540,1491,Undirected,2645,,,0.25
1541,1540,Undirected,2646,,,0.25
1541,1493,Undirected,2647,,,0.25
1541,1491,Undirected,2648,,,0.25
1542,1540,Undirected,2649,,,0.25
1542,1541,Undirected,2650,,,0.25
1542,1493,Undirected,2651,,,0.25
1542,1491,Undirected,2652,,,0.25
1544,1543,Undirected,2653,,,1
1546,1545,Undirected,2654,,,0.333333
1547,1545,Undirected,2655,,,0.333333
1547,1546,Undirected,2656,,,0.333333
1548,1545,Undirected,2657,,,0.333333
1548,1546,Undirected,2658,,,0.333333
1548,1547,Undirected,2659,,,0.333333
1549,308,Undirected,2660,,,1
1550,34,Undirected,2661,,,0.833333
1550,33,Undirected,2662,,,1.33333
1550,54,Undirected,2663,,,0.5
1551,1550,Undirected,2664,,,0.333333
1551,34,Undirected,2665,,,0.333333
1551,33,Undirected,2666,,,0.333333
1553,294,Undirected,2667,,,0.333333
1554,294,Undirected,2668,,,0.333333
1554,1553,Undirected,2669,,,0.333333
1555,294,Undirected,2670,,,0.333333
1555,1553,Undirected,2671,,,0.333333
1555,1554,Undirected,2672,,,0.333333
1556,676,Undirected,2673,,,0.333333
1557,1556,Undirected,2674,,,0.333333
1557,676,Undirected,2675,,,0.333333
1558,1556,Undirected,2676,,,0.333333
1558,676,Undirected,2677,,,0.333333
1558,1557,Undirected,2678,,,0.333333
1560,1145,Undirected,2679,,,0.333333
1560,219,Undirected,2680,,,0.333333
1561,1560,Undirected,2681,,,0.333333
1561,1145,Undirected,2682,,,0.333333
1561,219,Undirected,2683,,,0.333333
1562,63,Undirected,2684,,,0.142857
1562,62,Undirected,2685,,,0.142857
1563,1562,Undirected,2686,,,0.142857
1563,63,Undirected,2687,,,0.142857
1563,62,Undirected,2688,,,0.142857
1564,1562,Undirected,2689,,,0.142857
1564,1563,Undirected,2690,,,0.142857
1564,63,Undirected,2691,,,0.142857
1564,62,Undirected,2692,,,0.142857
1565,1562,Undirected,2693,,,0.142857
1565,1563,Undirected,2694,,,0.142857
1565,1564,Undirected,2695,,,0.142857
1565,63,Undirected,2696,,,0.142857
1565,62,Undirected,2697,,,0.142857
1566,1562,Undirected,2698,,,0.142857
1566,1563,Undirected,2699,,,0.142857
1566,1564,Undirected,2700,,,0.142857
1566,1565,Undirected,2701,,,0.142857
1566,63,Undirected,2702,,,0.142857
1566,62,Undirected,2703,,,0.142857
1567,1562,Undirected,2704,,,0.142857
1567,1563,Undirected,2705,,,0.142857
1567,1564,Undirected,2706,,,0.142857
1567,1565,Undirected,2707,,,0.142857
1567,1566,Undirected,2708,,,0.142857
1567,63,Undirected,2709,,,0.142857
1567,62,Undirected,2710,,,0.142857
1569,1568,Undirected,2711,,,1
1570,337,Undirected,2712,,,0.2
1570,631,Undirected,2713,,,0.2
1571,337,Undirected,2714,,,0.2
1571,631,Undirected,2715,,,0.2
1571,1570,Undirected,2716,,,0.2
1572,337,Undirected,2717,,,0.2
1572,631,Undirected,2718,,,0.2
1572,1570,Undirected,2719,,,0.2
1572,1571,Undirected,2720,,,0.2
1573,337,Undirected,2721,,,0.2
1573,631,Undirected,2722,,,0.2
1573,1570,Undirected,2723,,,0.2
1573,1571,Undirected,2724,,,0.2
1573,1572,Undirected,2725,,,0.2
1574,631,Undirected,2726,,,0.5
1574,783,Undirected,2727,,,0.5
1576,1575,Undirected,2728,,,0.333333
1577,1575,Undirected,2729,,,0.333333
1577,1576,Undirected,2730,,,0.333333
1578,1575,Undirected,2731,,,0.333333
1578,1576,Undirected,2732,,,0.333333
1578,1577,Undirected,2733,,,0.333333
1579,631,Undirected,2734,,,0.5
1579,630,Undirected,2735,,,0.5
1581,1580,Undirected,2736,,,1
1584,1583,Undirected,2737,,,1
1586,1585,Undirected,2738,,,1
1587,1585,Undirected,2739,,,1
1588,522,Undirected,2740,,,0.5
1588,76,Undirected,2741,,,0.5
